Year,Name,Director,Globe best director winner,Globe best director nominee,BAFTA best director winner,BAFTA best director nominee,Spirit best director winner,Spirit best director nominee
1950,Sunset Boulevard,Billy Wilder ,1.0,1.0,0.0,0.0,0.0,0.0
1950,All About Eve,Joseph L. Mankiewicz ,0.0,1.0,0.0,0.0,0.0,0.0
1950,The Asphalt Jungle,John Huston ,0.0,1.0,0.0,0.0,0.0,0.0
1950,Born Yesterday,George Cukor ,0.0,1.0,0.0,0.0,0.0,0.0
1951,Death of a Salesman,László Benedek §,1.0,1.0,0.0,0.0,0.0,0.0
1951,An American in Paris,Vincente Minnelli ,0.0,1.0,0.0,0.0,0.0,0.0
1951,A Place in the Sun,George Stevens ,0.0,1.0,0.0,0.0,0.0,0.0
1952,The Greatest Show on Earth,Cecil B. DeMille ,1.0,1.0,0.0,0.0,0.0,0.0
1952,The Narrow Margin,Richard Fleischer,0.0,1.0,0.0,0.0,0.0,0.0
1952,The Quiet Man,John Ford ,0.0,1.0,0.0,0.0,0.0,0.0
1953,From Here to Eternity,Fred Zinnemann ,1.0,1.0,0.0,0.0,0.0,0.0
1954,On the Waterfront,Elia Kazan ,1.0,1.0,0.0,0.0,0.0,0.0
1955,Picnic,Joshua Logan ,1.0,1.0,0.0,0.0,0.0,0.0
1956,Baby Doll,Elia Kazan §,1.0,1.0,0.0,0.0,0.0,0.0
1956,Around the World in 80 Days,Michael Anderson ,0.0,1.0,0.0,0.0,0.0,0.0
1956,Giant,George Stevens ,0.0,1.0,0.0,0.0,0.0,0.0
1956,Lust for Life,Vincente Minnelli,0.0,1.0,0.0,0.0,0.0,0.0
1956,War and Peace,King Vidor ,0.0,1.0,0.0,0.0,0.0,0.0
1957,The Bridge on the River Kwai,David Lean ,1.0,1.0,0.0,0.0,0.0,0.0
1957,12 Angry Men,Sidney Lumet ,0.0,1.0,0.0,0.0,0.0,0.0
1957,A Hatful of Rain,Fred Zinnemann,0.0,1.0,0.0,0.0,0.0,0.0
1957,Sayonara,Joshua Logan ,0.0,1.0,0.0,0.0,0.0,0.0
1957,Witness for the Prosecution,Billy Wilder ,0.0,1.0,0.0,0.0,0.0,0.0
1958,Gigi,Vincente Minnelli ,1.0,1.0,0.0,0.0,0.0,0.0
1958,Cat on a Hot Tin Roof,Richard Brooks ,0.0,1.0,0.0,0.0,0.0,0.0
1958,The Defiant Ones,Stanley Kramer ,0.0,1.0,0.0,0.0,0.0,0.0
1958,I Want to Live!,Robert Wise ,0.0,1.0,0.0,0.0,0.0,0.0
1958,Separate Tables,Delbert Mann,0.0,1.0,0.0,0.0,0.0,0.0
1959,Ben-Hur,William Wyler ,1.0,1.0,0.0,0.0,0.0,0.0
1959,Anatomy of a Murder,Otto Preminger,0.0,1.0,0.0,0.0,0.0,0.0
1959,The Diary of Anne Frank,George Stevens ,0.0,1.0,0.0,0.0,0.0,0.0
1959,The Nun's Story,Fred Zinnemann ,0.0,1.0,0.0,0.0,0.0,0.0
1959,On the Beach,Stanley Kramer,0.0,1.0,0.0,0.0,0.0,0.0
1960,Sons and Lovers,Jack Cardiff ,1.0,1.0,0.0,0.0,0.0,0.0
1960,The Apartment,Billy Wilder ,0.0,1.0,0.0,0.0,0.0,0.0
1960,Elmer Gantry,Richard Brooks,0.0,1.0,0.0,0.0,0.0,0.0
1960,Spartacus,Stanley Kubrick,0.0,1.0,0.0,0.0,0.0,0.0
1960,The Sundowners,Fred Zinnemann ,0.0,1.0,0.0,0.0,0.0,0.0
1961,Judgment at Nuremberg,Stanley Kramer,1.0,1.0,0.0,0.0,0.0,0.0
1961,The Children's Hour,William Wyler,0.0,1.0,0.0,0.0,0.0,0.0
1961,El Cid,Anthony Mann,0.0,1.0,0.0,0.0,0.0,0.0
1961,The Guns of Navarone,J. Lee Thompson ,0.0,1.0,0.0,0.0,0.0,0.0
1961,West Side Story,Jerome Robbins  and Robert Wise ,0.0,1.0,0.0,0.0,0.0,0.0
1962,Lawrence of Arabia,David Lean ,1.0,1.0,0.0,0.0,0.0,0.0
1962,The Chapman Report,George Cukor,0.0,1.0,0.0,0.0,0.0,0.0
1962,Days of Wine and Roses,Blake Edwards,0.0,1.0,0.0,0.0,0.0,0.0
1962,Freud,John Huston,0.0,1.0,0.0,0.0,0.0,0.0
1962,Gypsy,Mervyn LeRoy,0.0,1.0,0.0,0.0,0.0,0.0
1962,Hemingway's Adventures of a Young Man,Martin Ritt,0.0,1.0,0.0,0.0,0.0,0.0
1962,Lolita,Stanley Kubrick,0.0,1.0,0.0,0.0,0.0,0.0
1962,The Manchurian Candidate,John Frankenheimer,0.0,1.0,0.0,0.0,0.0,0.0
1962,The Music Man,Morton DaCosta,0.0,1.0,0.0,0.0,0.0,0.0
1962,"My Son, the Hero (Los Hermanos Del Hierro)",Ismael Rodríguez,0.0,1.0,0.0,0.0,0.0,0.0
1962,To Kill a Mockingbird,Robert Mulligan ,0.0,1.0,0.0,0.0,0.0,0.0
1963,America America,Elia Kazan ,1.0,1.0,0.0,0.0,0.0,0.0
1963,The Cardinal,Otto Preminger ,0.0,1.0,0.0,0.0,0.0,0.0
1963,The Caretakers,Hall Bartlett,0.0,1.0,0.0,0.0,0.0,0.0
1963,Cleopatra,Joseph L. Mankiewicz,0.0,1.0,0.0,0.0,0.0,0.0
1963,The Haunting,Robert Wise,0.0,1.0,0.0,0.0,0.0,0.0
1963,Hud,Martin Ritt ,0.0,1.0,0.0,0.0,0.0,0.0
1963,Tom Jones,Tony Richardson ,0.0,1.0,0.0,0.0,0.0,0.0
1963,The Ugly American,George Englund,0.0,1.0,0.0,0.0,0.0,0.0
1964,My Fair Lady,George Cukor ,1.0,1.0,0.0,0.0,0.0,0.0
1964,Becket,Peter Glenville ,0.0,1.0,0.0,0.0,0.0,0.0
1964,The Night of the Iguana,John Huston,0.0,1.0,0.0,0.0,0.0,0.0
1964,Seven Days in May,John Frankenheimer,0.0,1.0,0.0,0.0,0.0,0.0
1964,Zorba the Greek (Alexis Zorbas),Michael Cacoyannis ,0.0,1.0,0.0,0.0,0.0,0.0
1965,Doctor Zhivago,David Lean ,1.0,1.0,0.0,0.0,0.0,0.0
1965,The Collector,William Wyler ,0.0,1.0,0.0,0.0,0.0,0.0
1965,Darling,John Schlesinger ,0.0,1.0,0.0,0.0,0.0,0.0
1965,A Patch of Blue,Guy Green,0.0,1.0,0.0,0.0,0.0,0.0
1965,The Sound of Music,Robert Wise ,0.0,1.0,0.0,0.0,0.0,0.0
1966,A Man for All Seasons,Fred Zinnemann ,1.0,1.0,0.0,0.0,0.0,0.0
1966,Alfie,Lewis Gilbert,0.0,1.0,0.0,0.0,0.0,0.0
1966,A Man and a Woman,Claude Lelouch ,0.0,1.0,0.0,0.0,0.0,0.0
1966,The Sand Pebbles,Robert Wise,0.0,1.0,0.0,0.0,0.0,0.0
1966,Who's Afraid of Virginia Woolf?,Mike Nichols ,0.0,1.0,0.0,0.0,0.0,0.0
1967,The Graduate,Mike Nichols ,1.0,1.0,0.0,0.0,0.0,0.0
1967,Bonnie and Clyde,Arthur Penn ,0.0,1.0,0.0,0.0,0.0,0.0
1967,The Fox,Mark Rydell,0.0,1.0,0.0,0.0,0.0,0.0
1967,Guess Who's Coming to Dinner,Stanley Kramer ,0.0,1.0,0.0,0.0,0.0,0.0
1967,In the Heat of the Night,Norman Jewison ,0.0,1.0,0.0,0.0,0.0,0.0
1968,"Rachel, Rachel",Paul Newman §,1.0,1.0,0.0,0.0,0.0,0.0
1968,Funny Girl,William Wyler,0.0,1.0,0.0,0.0,0.0,0.0
1968,The Lion in Winter,Anthony Harvey ,0.0,1.0,0.0,0.0,0.0,0.0
1968,Oliver!,Carol Reed ,0.0,1.0,0.0,0.0,0.0,0.0
1968,Romeo and Juliet,Franco Zeffirelli ,0.0,1.0,0.0,0.0,0.0,0.0
1969,Anne of the Thousand Days,Charles Jarrott §,1.0,1.0,0.0,0.0,0.0,0.0
1969,"Hello, Dolly!",Gene Kelly,0.0,1.0,0.0,0.0,0.0,0.0
1969,Midnight Cowboy,John Schlesinger ,0.0,1.0,0.0,0.0,0.0,0.0
1969,The Secret of Santa Vittoria,Stanley Kramer,0.0,1.0,0.0,0.0,0.0,0.0
1969,"They Shoot Horses, Don't They?",Sydney Pollack ,0.0,1.0,0.0,0.0,0.0,0.0
1970,Love Story,Arthur Hiller ,1.0,1.0,0.0,0.0,0.0,0.0
1970,Five Easy Pieces,Bob Rafelson,0.0,1.0,0.0,0.0,0.0,0.0
1970,M*A*S*H,Robert Altman ,0.0,1.0,0.0,0.0,0.0,0.0
1970,Patton,Franklin J. Schaffner ,0.0,1.0,0.0,0.0,0.0,0.0
1970,Women in Love,Ken Russell ,0.0,1.0,0.0,0.0,0.0,0.0
1971,The French Connection,William Friedkin ,1.0,1.0,0.0,0.0,0.0,0.0
1971,A Clockwork Orange,Stanley Kubrick ,0.0,1.0,0.0,0.0,0.0,0.0
1971,Fiddler on the Roof,Norman Jewison ,0.0,1.0,0.0,0.0,0.0,0.0
1971,The Last Picture Show,Peter Bogdanovich ,0.0,1.0,0.0,0.0,0.0,0.0
1971,Summer of ‘42,Robert Mulligan,0.0,1.0,0.0,0.0,0.0,0.0
1972,The Godfather,Francis Ford Coppola ,1.0,1.0,0.0,0.0,0.0,0.0
1972,Avanti!,Billy Wilder,0.0,1.0,0.0,0.0,0.0,0.0
1972,Cabaret,Bob Fosse ,0.0,1.0,0.0,0.0,0.0,0.0
1972,Deliverance,John Boorman ,0.0,1.0,0.0,0.0,0.0,0.0
1972,Frenzy,Alfred Hitchcock,0.0,1.0,0.0,0.0,0.0,0.0
1973,The Exorcist,William Friedkin ,1.0,1.0,0.0,0.0,0.0,0.0
1973,American Graffiti,George Lucas ,0.0,1.0,0.0,0.0,0.0,0.0
1973,The Day of the Jackal,Fred Zinnemann,0.0,1.0,0.0,1.0,0.0,0.0
1973,Last Tango in Paris,Bernardo Bertolucci ,0.0,1.0,0.0,0.0,0.0,0.0
1973,Paper Moon,Peter Bogdanovich,0.0,1.0,0.0,0.0,0.0,0.0
1974,Chinatown,Roman Polanski ,1.0,1.0,0.0,0.0,0.0,0.0
1974,The Conversation,Francis Ford Coppola,0.0,1.0,0.0,1.0,0.0,0.0
1974,The Godfather Part II,Francis Ford Coppola ,0.0,1.0,0.0,0.0,0.0,0.0
1974,Lenny,Bob Fosse ,0.0,1.0,0.0,0.0,0.0,0.0
1974,A Woman Under the Influence,John Cassavetes ,0.0,1.0,0.0,0.0,0.0,0.0
1975,One Flew Over the Cuckoo's Nest,Miloš Forman ,1.0,1.0,0.0,0.0,0.0,0.0
1975,Barry Lyndon,Stanley Kubrick ,0.0,1.0,0.0,0.0,0.0,0.0
1975,Dog Day Afternoon,Sidney Lumet ,0.0,1.0,0.0,0.0,0.0,0.0
1975,Jaws,Steven Spielberg,0.0,1.0,0.0,1.0,0.0,0.0
1975,Nashville,Robert Altman ,0.0,1.0,0.0,0.0,0.0,0.0
1976,Network,Sidney Lumet ,1.0,1.0,0.0,0.0,0.0,0.0
1976,All the President's Men,Alan J. Pakula ,0.0,1.0,0.0,0.0,0.0,0.0
1976,Bound for Glory,Hal Ashby,0.0,1.0,0.0,0.0,0.0,0.0
1976,Marathon Man,John Schlesinger,0.0,1.0,0.0,0.0,0.0,0.0
1976,Rocky,John G. Avildsen ,0.0,1.0,0.0,0.0,0.0,0.0
1977,The Turning Point,Herbert Ross ,1.0,1.0,0.0,0.0,0.0,0.0
1977,Annie Hall,Woody Allen ,0.0,1.0,0.0,0.0,0.0,0.0
1977,Close Encounters of the Third Kind,Steven Spielberg ,0.0,1.0,0.0,0.0,0.0,0.0
1977,Julia,Fred Zinnemann ,0.0,1.0,0.0,0.0,0.0,0.0
1977,Star Wars,George Lucas ,0.0,1.0,0.0,0.0,0.0,0.0
1978,The Deer Hunter,Michael Cimino ,1.0,1.0,0.0,0.0,0.0,0.0
1978,Coming Home,Hal Ashby ,0.0,1.0,0.0,0.0,0.0,0.0
1978,Days of Heaven,Terrence Malick,0.0,1.0,0.0,0.0,0.0,0.0
1978,Interiors,Woody Allen ,0.0,1.0,0.0,0.0,0.0,0.0
1978,Midnight Express,Alan Parker ,0.0,1.0,0.0,0.0,0.0,0.0
1978,An Unmarried Woman,Paul Mazursky,0.0,1.0,0.0,0.0,0.0,0.0
1979,Apocalypse Now,Francis Ford Coppola ,1.0,1.0,0.0,0.0,0.0,0.0
1979,Being There,Hal Ashby,0.0,1.0,0.0,0.0,0.0,0.0
1979,Breaking Away,Peter Yates ,0.0,1.0,0.0,0.0,0.0,0.0
1979,The China Syndrome,James Bridges,0.0,1.0,0.0,0.0,0.0,0.0
1979,Kramer vs. Kramer,Robert Benton ,0.0,1.0,0.0,0.0,0.0,0.0
1980,Ordinary People,Robert Redford ,1.0,1.0,0.0,0.0,0.0,0.0
1980,The Elephant Man,David Lynch ,0.0,1.0,0.0,0.0,0.0,0.0
1980,Raging Bull,Martin Scorsese ,0.0,1.0,0.0,0.0,0.0,0.0
1980,The Stunt Man,Richard Rush ,0.0,1.0,0.0,0.0,0.0,0.0
1980,Tess,Roman Polanski ,0.0,1.0,0.0,0.0,0.0,0.0
1981,Reds,Warren Beatty ,1.0,1.0,0.0,0.0,0.0,0.0
1981,Atlantic City,Louis Malle ,0.0,1.0,0.0,0.0,0.0,0.0
1981,On Golden Pond,Mark Rydell ,0.0,1.0,0.0,0.0,0.0,0.0
1981,Prince of the City,Sidney Lumet,0.0,1.0,0.0,0.0,0.0,0.0
1981,Ragtime,Miloš Forman,0.0,1.0,0.0,0.0,0.0,0.0
1981,Raiders of the Lost Ark,Steven Spielberg ,0.0,1.0,0.0,0.0,0.0,0.0
1982,Gandhi,Richard Attenborough ,1.0,1.0,0.0,0.0,0.0,0.0
1982,E.T. the Extra-Terrestrial,Steven Spielberg ,0.0,1.0,0.0,0.0,0.0,0.0
1982,Missing,Constantin Costa-Gavras,0.0,1.0,0.0,0.0,0.0,0.0
1982,Tootsie,Sydney Pollack ,0.0,1.0,0.0,0.0,0.0,0.0
1982,The Verdict,Sidney Lumet ,0.0,1.0,0.0,0.0,0.0,0.0
1983,Yentl,Barbra Streisand §,1.0,1.0,0.0,0.0,0.0,0.0
1983,The Dresser,Peter Yates ,0.0,1.0,0.0,0.0,0.0,0.0
1983,Fanny and Alexander,Ingmar Bergman ,0.0,1.0,0.0,0.0,0.0,0.0
1983,Silkwood,Mike Nichols ,0.0,1.0,0.0,0.0,0.0,0.0
1983,Tender Mercies,Bruce Beresford ,0.0,1.0,0.0,0.0,0.0,0.0
1983,Terms of Endearment,James L. Brooks ,0.0,1.0,0.0,0.0,0.0,0.0
1984,Amadeus,Miloš Forman ,1.0,1.0,0.0,0.0,0.0,0.0
1984,The Cotton Club,Francis Ford Coppola,0.0,1.0,0.0,0.0,0.0,0.0
1984,The Killing Fields,Roland Joffé ,0.0,1.0,0.0,0.0,0.0,0.0
1984,Once Upon a Time in America,Sergio Leone,0.0,1.0,0.0,1.0,0.0,0.0
1984,A Passage to India,David Lean ,0.0,1.0,0.0,0.0,0.0,0.0
1985,Prizzi's Honor,John Huston ,1.0,1.0,0.0,0.0,0.0,0.0
1985,A Chorus Line,Richard Attenborough,0.0,1.0,0.0,0.0,0.0,0.0
1985,The Color Purple,Steven Spielberg,0.0,1.0,0.0,0.0,0.0,0.0
1985,Out of Africa,Sydney Pollack ,0.0,1.0,0.0,0.0,0.0,0.0
1985,Witness,Peter Weir ,0.0,1.0,0.0,0.0,0.0,0.0
1986,Platoon,Oliver Stone ,1.0,1.0,0.0,0.0,0.0,0.0
1986,Hannah and Her Sisters,Woody Allen ,0.0,1.0,0.0,0.0,0.0,0.0
1986,The Mission,Roland Joffé ,0.0,1.0,0.0,0.0,0.0,0.0
1986,A Room with a View,James Ivory ,0.0,1.0,0.0,0.0,0.0,0.0
1986,Stand by Me,Rob Reiner,0.0,1.0,0.0,0.0,0.0,0.0
1987,The Last Emperor,Bernardo Bertolucci ,1.0,1.0,0.0,0.0,0.0,0.0
1987,Broadcast News,James L. Brooks,0.0,1.0,0.0,0.0,0.0,0.0
1987,Cry Freedom,Richard Attenborough,0.0,1.0,0.0,1.0,0.0,0.0
1987,Fatal Attraction,Adrian Lyne ,0.0,1.0,0.0,0.0,0.0,0.0
1987,Hope and Glory,John Boorman ,0.0,1.0,0.0,0.0,0.0,0.0
1988,Bird,Clint Eastwood §,1.0,1.0,0.0,0.0,0.0,0.0
1988,A Cry in the Dark,Fred Schepisi,0.0,1.0,0.0,0.0,0.0,0.0
1988,Mississippi Burning,Alan Parker ,0.0,1.0,0.0,0.0,0.0,0.0
1988,Rain Man,Barry Levinson ,0.0,1.0,0.0,0.0,0.0,0.0
1988,Running on Empty,Sidney Lumet,0.0,1.0,0.0,0.0,0.0,0.0
1988,Working Girl,Mike Nichols ,0.0,1.0,0.0,0.0,0.0,0.0
1989,Born on the Fourth of July,Oliver Stone ,1.0,1.0,0.0,0.0,0.0,0.0
1989,Dead Poets Society,Peter Weir ,0.0,1.0,0.0,0.0,0.0,0.0
1989,Do the Right Thing,Spike Lee,0.0,1.0,0.0,0.0,0.0,0.0
1989,Glory,Edward Zwick,0.0,1.0,0.0,0.0,0.0,0.0
1989,When Harry Met Sally...,Rob Reiner,0.0,1.0,0.0,0.0,0.0,0.0
1990,Dances with Wolves,Kevin Costner ,1.0,1.0,0.0,0.0,0.0,0.0
1990,The Godfather Part III,Francis Ford Coppola ,0.0,1.0,0.0,0.0,0.0,0.0
1990,Goodfellas,Martin Scorsese ,0.0,1.0,0.0,0.0,0.0,0.0
1990,Reversal of Fortune,Barbet Schroeder ,0.0,1.0,0.0,0.0,0.0,0.0
1990,The Sheltering Sky,Bernardo Bertolucci,0.0,1.0,0.0,0.0,0.0,0.0
1991,JFK,Oliver Stone ,1.0,1.0,0.0,0.0,0.0,0.0
1991,Bugsy,Barry Levinson ,0.0,1.0,0.0,0.0,0.0,0.0
1991,The Fisher King,Terry Gilliam,0.0,1.0,0.0,0.0,0.0,0.0
1991,The Prince of Tides,Barbra Streisand,0.0,1.0,0.0,0.0,0.0,0.0
1991,The Silence of the Lambs,Jonathan Demme ,0.0,1.0,0.0,0.0,0.0,0.0
1992,Unforgiven,Clint Eastwood ,1.0,1.0,0.0,0.0,0.0,0.0
1992,A Few Good Men,Rob Reiner,0.0,1.0,0.0,0.0,0.0,0.0
1992,Howards End,James Ivory ,0.0,1.0,0.0,0.0,0.0,0.0
1992,The Player,Robert Altman ,0.0,1.0,0.0,0.0,0.0,0.0
1992,A River Runs Through It,Robert Redford,0.0,1.0,0.0,0.0,0.0,0.0
1993,Schindler's List,Steven Spielberg ,1.0,1.0,0.0,0.0,0.0,0.0
1993,The Age of Innocence,Martin Scorsese,0.0,1.0,0.0,0.0,0.0,0.0
1993,The Fugitive,Andrew Davis,0.0,1.0,0.0,0.0,0.0,0.0
1993,The Piano,Jane Campion ,0.0,1.0,0.0,0.0,0.0,0.0
1993,The Remains of the Day,James Ivory ,0.0,1.0,0.0,0.0,0.0,0.0
1994,Forrest Gump,Robert Zemeckis ,1.0,1.0,0.0,0.0,0.0,0.0
1994,Legends of the Fall,Edward Zwick,0.0,1.0,0.0,0.0,0.0,0.0
1994,Natural Born Killers,Oliver Stone,0.0,1.0,0.0,0.0,0.0,0.0
1994,Pulp Fiction,Quentin Tarantino ,0.0,1.0,0.0,0.0,0.0,0.0
1994,Quiz Show,Robert Redford ,0.0,1.0,0.0,0.0,0.0,0.0
1995,Braveheart,Mel Gibson ,1.0,1.0,0.0,0.0,0.0,0.0
1995,The American President,Rob Reiner,0.0,1.0,0.0,0.0,0.0,0.0
1995,Apollo 13,Ron Howard,0.0,1.0,0.0,0.0,0.0,0.0
1995,Casino,Martin Scorsese,0.0,1.0,0.0,0.0,0.0,0.0
1995,Leaving Las Vegas,Mike Figgis ,0.0,1.0,0.0,0.0,0.0,0.0
1995,Sense and Sensibility,Ang Lee,0.0,1.0,0.0,1.0,0.0,0.0
1996,The People vs. Larry Flynt,Miloš Forman ,1.0,1.0,0.0,0.0,0.0,0.0
1996,The English Patient,Anthony Minghella ,0.0,1.0,0.0,0.0,0.0,0.0
1996,Evita,Alan Parker,0.0,1.0,0.0,0.0,0.0,0.0
1996,Fargo,Joel Coen ,0.0,1.0,0.0,0.0,0.0,0.0
1996,Shine,Scott Hicks ,0.0,1.0,0.0,0.0,0.0,0.0
1997,Titanic,James Cameron ,1.0,1.0,0.0,0.0,0.0,0.0
1997,Amistad,Steven Spielberg,0.0,1.0,0.0,0.0,0.0,0.0
1997,As Good as It Gets,James L. Brooks,0.0,1.0,0.0,0.0,0.0,0.0
1997,The Boxer,Jim Sheridan,0.0,1.0,0.0,0.0,0.0,0.0
1997,L.A. Confidential,Curtis Hanson ,0.0,1.0,0.0,0.0,0.0,0.0
1998,Saving Private Ryan,Steven Spielberg ,1.0,1.0,0.0,0.0,0.0,0.0
1998,Elizabeth,Shekhar Kapur,0.0,1.0,0.0,1.0,0.0,0.0
1998,The Horse Whisperer,Robert Redford,0.0,1.0,0.0,0.0,0.0,0.0
1998,Shakespeare in Love,John Madden ,0.0,1.0,0.0,0.0,0.0,0.0
1998,The Truman Show,Peter Weir ,0.0,1.0,0.0,0.0,0.0,0.0
1999,American Beauty,Sam Mendes ,1.0,1.0,0.0,0.0,0.0,0.0
1999,The End of the Affair,Neil Jordan,0.0,1.0,0.0,1.0,0.0,0.0
1999,The Hurricane,Norman Jewison,0.0,1.0,0.0,0.0,0.0,0.0
1999,The Insider,Michael Mann ,0.0,1.0,0.0,0.0,0.0,0.0
1999,The Talented Mr. Ripley,Anthony Minghella,0.0,1.0,0.0,1.0,0.0,0.0
2000,"Crouching Tiger, Hidden Dragon",Ang Lee ,1.0,1.0,0.0,0.0,0.0,0.0
2000,Erin Brockovich,Steven Soderbergh ,0.0,1.0,0.0,0.0,0.0,0.0
2000,Gladiator,Ridley Scott ,0.0,1.0,0.0,0.0,0.0,0.0
2000,Sunshine,István Szabó,0.0,1.0,0.0,0.0,0.0,0.0
2000,Traffic,Steven Soderbergh ,0.0,1.0,0.0,0.0,0.0,0.0
2001,Gosford Park,Robert Altman ,1.0,1.0,0.0,0.0,0.0,0.0
2001,A.I. Artificial Intelligence,Steven Spielberg,0.0,1.0,0.0,0.0,0.0,0.0
2001,A Beautiful Mind,Ron Howard ,0.0,1.0,0.0,0.0,0.0,0.0
2001,The Lord of the Rings: The Fellowship of the Ring,Peter Jackson ,0.0,1.0,0.0,0.0,0.0,0.0
2001,Moulin Rouge!,Baz Luhrmann,0.0,1.0,0.0,1.0,0.0,0.0
2001,Mulholland Drive,David Lynch ,0.0,1.0,0.0,0.0,0.0,0.0
2002,Gangs of New York,Martin Scorsese ,1.0,1.0,0.0,0.0,0.0,0.0
2002,About Schmidt,Alexander Payne,0.0,1.0,0.0,0.0,0.0,0.0
2002,Adaptation,Spike Jonze,0.0,1.0,0.0,0.0,0.0,0.0
2002,Chicago,Rob Marshall ,0.0,1.0,0.0,0.0,0.0,0.0
2002,The Hours,Stephen Daldry ,0.0,1.0,0.0,0.0,0.0,0.0
2002,The Lord of the Rings: The Two Towers,Peter Jackson,0.0,1.0,0.0,1.0,0.0,0.0
2003,The Lord of the Rings: The Return of the King,Peter Jackson ,1.0,1.0,0.0,0.0,0.0,0.0
2003,Cold Mountain,Anthony Minghella,0.0,1.0,0.0,1.0,0.0,0.0
2003,Lost in Translation,Sofia Coppola ,0.0,1.0,0.0,0.0,0.0,0.0
2003,Master and Commander: The Far Side of the World,Peter Weir ,0.0,1.0,0.0,0.0,0.0,0.0
2003,Mystic River,Clint Eastwood ,0.0,1.0,0.0,0.0,0.0,0.0
2004,Million Dollar Baby,Clint Eastwood ,1.0,1.0,0.0,0.0,0.0,0.0
2004,The Aviator,Martin Scorsese ,0.0,1.0,0.0,0.0,0.0,0.0
2004,Closer,Mike Nichols,0.0,1.0,0.0,0.0,0.0,0.0
2004,Finding Neverland,Marc Forster,0.0,1.0,0.0,1.0,0.0,0.0
2004,Sideways,Alexander Payne ,0.0,1.0,0.0,0.0,0.0,0.0
2005,Brokeback Mountain,Ang Lee ,1.0,1.0,0.0,0.0,0.0,0.0
2005,The Constant Gardener,Fernando Meirelles,0.0,1.0,0.0,1.0,0.0,0.0
2005,"Good Night, and Good Luck",George Clooney ,0.0,1.0,0.0,0.0,0.0,0.0
2005,King Kong,Peter Jackson,0.0,1.0,0.0,0.0,0.0,0.0
2005,Match Point,Woody Allen,0.0,1.0,0.0,0.0,0.0,0.0
2005,Munich,Steven Spielberg ,0.0,1.0,0.0,0.0,0.0,0.0
2006,The Departed,Martin Scorsese ,1.0,1.0,0.0,0.0,0.0,0.0
2006,Babel,Alejandro González Iñárritu ,0.0,1.0,0.0,0.0,0.0,0.0
2006,Flags of Our Fathers,Clint Eastwood,0.0,1.0,0.0,0.0,0.0,0.0
2006,Letters from Iwo Jima,Clint Eastwood ,0.0,1.0,0.0,0.0,0.0,0.0
2006,The Queen,Stephen Frears ,0.0,1.0,0.0,0.0,0.0,0.0
2007,The Diving Bell and the Butterfly,Julian Schnabel ,1.0,1.0,0.0,0.0,0.0,0.0
2007,American Gangster,Ridley Scott,0.0,1.0,0.0,0.0,0.0,0.0
2007,Atonement,Joe Wright,0.0,1.0,0.0,1.0,0.0,0.0
2007,No Country for Old Men,Joel Coen and Ethan Coen ,0.0,1.0,0.0,0.0,0.0,0.0
2007,Sweeney Todd: The Demon Barber of Fleet Street,Tim Burton,0.0,1.0,0.0,0.0,0.0,0.0
2008,Slumdog Millionaire,Danny Boyle ,1.0,1.0,0.0,0.0,0.0,0.0
2008,The Curious Case of Benjamin Button,David Fincher ,0.0,1.0,0.0,0.0,0.0,0.0
2008,Frost/Nixon,Ron Howard ,0.0,1.0,0.0,0.0,0.0,0.0
2008,The Reader,Stephen Daldry ,0.0,1.0,0.0,0.0,0.0,0.0
2008,Revolutionary Road,Sam Mendes,0.0,1.0,0.0,0.0,0.0,0.0
2009,Avatar,James Cameron ,1.0,1.0,0.0,0.0,0.0,0.0
2009,The Hurt Locker,Kathryn Bigelow ,0.0,1.0,0.0,0.0,0.0,0.0
2009,Inglourious Basterds,Quentin Tarantino ,0.0,1.0,0.0,0.0,0.0,0.0
2009,Invictus,Clint Eastwood,0.0,1.0,0.0,0.0,0.0,0.0
2009,Up in the Air,Jason Reitman ,0.0,1.0,0.0,0.0,0.0,0.0
2010,The Social Network,David Fincher ,1.0,1.0,0.0,0.0,0.0,0.0
2010,Black Swan,Darren Aronofsky ,0.0,1.0,0.0,0.0,0.0,0.0
2010,The Fighter,David O. Russell ,0.0,1.0,0.0,0.0,0.0,0.0
2010,Inception,Christopher Nolan,0.0,1.0,0.0,1.0,0.0,0.0
2010,The King's Speech,Tom Hooper ,0.0,1.0,0.0,0.0,0.0,0.0
2011,Hugo,Martin Scorsese ,1.0,1.0,0.0,0.0,0.0,0.0
2011,The Artist,Michel Hazanavicius ,0.0,1.0,0.0,0.0,0.0,0.0
2011,The Descendants,Alexander Payne ,0.0,1.0,0.0,0.0,0.0,0.0
2011,The Ides of March,George Clooney,0.0,1.0,0.0,0.0,0.0,0.0
2011,Midnight in Paris,Woody Allen ,0.0,1.0,0.0,0.0,0.0,0.0
2012,Argo,Ben Affleck §,1.0,1.0,0.0,0.0,0.0,0.0
2012,Django Unchained,Quentin Tarantino,0.0,1.0,0.0,1.0,0.0,0.0
2012,Life of Pi,Ang Lee ,0.0,1.0,0.0,0.0,0.0,0.0
2012,Lincoln,Steven Spielberg ,0.0,1.0,0.0,0.0,0.0,0.0
2012,Zero Dark Thirty,Kathryn Bigelow,0.0,1.0,0.0,1.0,0.0,0.0
2013,Gravity,Alfonso Cuarón ,1.0,1.0,0.0,0.0,0.0,0.0
2013,12 Years a Slave,Steve McQueen ,0.0,1.0,0.0,0.0,0.0,0.0
2013,American Hustle,David O. Russell ,0.0,1.0,0.0,0.0,0.0,0.0
2013,Captain Phillips,Paul Greengrass,0.0,1.0,0.0,1.0,0.0,0.0
2013,Nebraska,Alexander Payne ,0.0,1.0,0.0,0.0,0.0,0.0
2014,Boyhood,Richard Linklater ,1.0,1.0,0.0,0.0,0.0,0.0
2014,Birdman,Alejandro G. Iñárritu ,0.0,1.0,0.0,0.0,0.0,0.0
2014,Gone Girl,David Fincher,0.0,1.0,0.0,0.0,0.0,0.0
2014,The Grand Budapest Hotel,Wes Anderson ,0.0,1.0,0.0,0.0,0.0,0.0
2014,Selma,Ava DuVernay,0.0,1.0,0.0,0.0,0.0,0.0
2015,The Revenant,Alejandro G. Iñárritu ,1.0,1.0,0.0,0.0,0.0,0.0
2015,Carol,Todd Haynes,0.0,1.0,0.0,1.0,0.0,0.0
2015,Mad Max: Fury Road,George Miller ,0.0,1.0,0.0,0.0,0.0,0.0
2015,The Martian,Ridley Scott,0.0,1.0,0.0,1.0,0.0,0.0
2015,Spotlight,Tom McCarthy ,0.0,1.0,0.0,0.0,0.0,0.0
2016,La La Land,Damien Chazelle ,1.0,1.0,0.0,0.0,0.0,0.0
2016,Hacksaw Ridge,Mel Gibson ,0.0,1.0,0.0,0.0,0.0,0.0
2016,Moonlight,Barry Jenkins ,0.0,1.0,0.0,0.0,0.0,0.0
2016,Manchester by the Sea,Kenneth Lonergan ,0.0,1.0,0.0,0.0,0.0,0.0
2016,Nocturnal Animals,Tom Ford,0.0,1.0,0.0,1.0,0.0,0.0
1943,The Song of Bernadette,Henry King ,1.0,1.0,0.0,0.0,0.0,0.0
1944,Going My Way,Leo McCarey ,1.0,1.0,0.0,0.0,0.0,0.0
1945,The Lost Weekend,Billy Wilder ,1.0,1.0,0.0,0.0,0.0,0.0
1946,It's a Wonderful Life,Frank Capra ,1.0,1.0,0.0,0.0,0.0,0.0
1947,Gentleman's Agreement,Elia Kazan ,1.0,1.0,0.0,0.0,0.0,0.0
1948,The Treasure of the Sierra Madre,John Huston ,1.0,1.0,0.0,0.0,0.0,0.0
1949,All the King's Men,Robert Rossen ,1.0,1.0,0.0,0.0,0.0,0.0
2016,La La Land,Damien Chazelle,0.0,0.0,1.0,1.0,0.0,0.0
2016,"I, Daniel Blake",Ken Loach,0.0,0.0,0.0,1.0,0.0,0.0
2016,Manchester by the Sea,Kenneth Lonergan,0.0,0.0,0.0,1.0,0.0,0.0
2016,Arrival,Denis Villeneuve,0.0,0.0,0.0,1.0,0.0,0.0
2015,The Revenant,Alejandro G. Irritu,0.0,0.0,1.0,1.0,0.0,0.0
2015,The Big Short,Adam McKay,0.0,0.0,0.0,1.0,0.0,0.0
2015,Bridge of Spies,Steven Spielberg,0.0,0.0,0.0,1.0,0.0,0.0
2014,Boyhood,Richard Linklater,0.0,0.0,1.0,1.0,0.0,0.0
2014,The Grand Budapest Hotel,Wes Anderson,0.0,0.0,0.0,1.0,0.0,0.0
2014,Whiplash,Damien Chazelle,0.0,0.0,0.0,1.0,0.0,0.0
2014,Birdman,Alejandro G. Irritu,0.0,0.0,0.0,1.0,0.0,0.0
2014,The Theory of Everything,James Marsh,0.0,0.0,0.0,1.0,0.0,0.0
2013,Gravity,Alfonso Cuarn,0.0,0.0,1.0,1.0,0.0,0.0
2013,12 Years a Slave,Steve McQueen,0.0,0.0,0.0,1.0,0.0,0.0
2013,American Hustle,David O. Russell,0.0,0.0,0.0,1.0,0.0,0.0
2013,The Wolf of Wall Street,Martin Scorsese,0.0,0.0,0.0,1.0,0.0,0.0
2012,Argo,Ben Affleck,0.0,0.0,1.0,1.0,0.0,0.0
2012,Amour,Michael Haneke,0.0,0.0,0.0,1.0,0.0,0.0
2012,Life of Pi,Ang Lee,0.0,0.0,0.0,1.0,0.0,0.0
2011,The Artist,Michel Hazanavicius,0.0,0.0,1.0,1.0,0.0,0.0
2011,Tinker Tailor Soldier Spy,Tomas Alfredson,0.0,0.0,0.0,1.0,0.0,0.0
2011,We Need to Talk About Kevin,Lynne Ramsay,0.0,0.0,0.0,1.0,0.0,0.0
2011,Drive,Nicolas Winding Refn,0.0,0.0,0.0,1.0,0.0,0.0
2011,Hugo,Martin Scorsese,0.0,0.0,0.0,1.0,0.0,0.0
2010,The Social Network,David Fincher,0.0,0.0,1.0,1.0,0.0,0.0
2010,Black Swan,Darren Aronofsky,0.0,0.0,0.0,1.0,0.0,0.0
2010,127 Hours,Danny Boyle,0.0,0.0,0.0,1.0,0.0,0.0
2010,The King's Speech,Tom Hooper,0.0,0.0,0.0,1.0,0.0,0.0
2009,The Hurt Locker,Kathryn Bigelow,0.0,0.0,1.0,1.0,0.0,0.0
2009,District 9,Neill Blomkamp,0.0,0.0,0.0,1.0,0.0,0.0
2009,Avatar,James Cameron,0.0,0.0,0.0,1.0,0.0,0.0
2009,An Education,Lone Scherfig,0.0,0.0,0.0,1.0,0.0,0.0
2009,Inglourious Basterds,Quentin Tarantino,0.0,0.0,0.0,1.0,0.0,0.0
2008,Slumdog Millionaire,Danny Boyle,0.0,0.0,1.0,1.0,0.0,0.0
2008,The Reader,Stephen Daldry,0.0,0.0,0.0,1.0,0.0,0.0
2008,Changeling,Clint Eastwood,0.0,0.0,0.0,1.0,0.0,0.0
2008,The Curious Case of Benjamin Button,David Fincher,0.0,0.0,0.0,1.0,0.0,0.0
2008,Frost/Nixon,Ron Howard,0.0,0.0,0.0,1.0,0.0,0.0
2007,No Country for Old Men,Joel Coen and Ethan Coen,0.0,0.0,1.0,1.0,0.0,0.0
2007,There Will Be Blood,Paul Thomas Anderson,0.0,0.0,0.0,1.0,0.0,0.0
2007,The Bourne Ultimatum,Paul Greengrass,0.0,0.0,0.0,1.0,0.0,0.0
2007,The Lives of Others (Das Leben der Anderen),Florian Henckel von Donnersmarck,0.0,0.0,0.0,1.0,0.0,0.0
2006,United 93,Paul Greengrass,0.0,0.0,1.0,1.0,0.0,0.0
2006,Little Miss Sunshine,Jonathan Dayton and Valerie Faris,0.0,0.0,0.0,1.0,0.0,0.0
2006,The Queen,Stephen Frears,0.0,0.0,0.0,1.0,0.0,0.0
2006,Babel,Alejandro Gonzlez Irritu,0.0,0.0,0.0,1.0,0.0,0.0
2006,The Departed,Martin Scorsese,0.0,0.0,0.0,1.0,0.0,0.0
2005,Brokeback Mountain,Ang Lee,0.0,0.0,1.0,1.0,0.0,0.0
2005,"Good Night, and Good Luck",George Clooney,0.0,0.0,0.0,1.0,0.0,0.0
2005,Crash,Paul Haggis,0.0,0.0,0.0,1.0,0.0,0.0
2005,Capote,Bennett Miller,0.0,0.0,0.0,1.0,0.0,0.0
2004,Vera Drake,Mike Leigh,0.0,0.0,1.0,1.0,0.0,0.0
2004,Eternal Sunshine of the Spotless Mind,Michel Gondry,0.0,0.0,0.0,1.0,0.0,0.0
2004,Collateral,Michael Mann,0.0,0.0,0.0,1.0,0.0,0.0
2004,The Aviator,Martin Scorsese,0.0,0.0,0.0,1.0,0.0,0.0
2003,Master and Commander: The Far Side of the World,Peter Weir,0.0,0.0,1.0,1.0,0.0,0.0
2003,Big Fish,Tim Burton,0.0,0.0,0.0,1.0,0.0,0.0
2003,Lost in Translation,Sofia Coppola,0.0,0.0,0.0,1.0,0.0,0.0
2003,The Lord of the Rings: The Return of the King,Peter Jackson,0.0,0.0,0.0,1.0,0.0,0.0
2002,The Pianist,Roman Polanski,0.0,0.0,1.0,1.0,0.0,0.0
2002,The Hours,Stephen Daldry,0.0,0.0,0.0,1.0,0.0,0.0
2002,Chicago,Rob Marshall,0.0,0.0,0.0,1.0,0.0,0.0
2002,Gangs of New York,Martin Scorsese,0.0,0.0,0.0,1.0,0.0,0.0
2001,The Lord of the Rings: The Fellowship of the Ring,Peter Jackson,0.0,0.0,1.0,1.0,0.0,0.0
2001,Gosford Park,Robert Altman,0.0,0.0,0.0,1.0,0.0,0.0
2001,A Beautiful Mind,Ron Howard,0.0,0.0,0.0,1.0,0.0,0.0
2001,Amlie (Le Fabuleux destin d'Amlie Poulain),Jean-Pierre Jeunet,0.0,0.0,0.0,1.0,0.0,0.0
2000,"Crouching Tiger, Hidden Dragon (Wo hu cang long)",Ang Lee,0.0,0.0,1.0,1.0,0.0,0.0
2000,Billy Elliot,Stephen Daldry,0.0,0.0,0.0,1.0,0.0,0.0
2000,Gladiator,Ridley Scott,0.0,0.0,0.0,1.0,0.0,0.0
2000,Traffic,Steven Soderbergh,0.0,0.0,0.0,1.0,0.0,0.0
2000,Erin Brockovich,Steven Soderbergh,0.0,0.0,0.0,1.0,0.0,0.0
1999,All About My Mother (Todo sobre mi madre),Pedro Almodvar,0.0,0.0,1.0,1.0,0.0,0.0
1999,American Beauty,Sam Mendes,0.0,0.0,0.0,1.0,0.0,0.0
1999,The Sixth Sense,M. Night Shyamalan,0.0,0.0,0.0,1.0,0.0,0.0
1998,The Truman Show,Peter Weir,0.0,0.0,1.0,1.0,0.0,0.0
1998,Shakespeare in Love,John Madden,0.0,0.0,0.0,1.0,0.0,0.0
1998,Saving Private Ryan,Steven Spielberg,0.0,0.0,0.0,1.0,0.0,0.0
1997,Romeo + Juliet,Baz Luhrmann,0.0,0.0,1.0,1.0,0.0,0.0
1997,Titanic,James Cameron,0.0,0.0,0.0,1.0,0.0,0.0
1997,The Full Monty,Peter Cattaneo,0.0,0.0,0.0,1.0,0.0,0.0
1997,L.A. Confidential,Curtis Hanson,0.0,0.0,0.0,1.0,0.0,0.0
1996,Fargo,Joel Coen,0.0,0.0,1.0,1.0,0.0,0.0
1996,Shine,Scott Hicks,0.0,0.0,0.0,1.0,0.0,0.0
1996,Secrets and Lies,Mike Leigh,0.0,0.0,0.0,1.0,0.0,0.0
1996,The English Patient,Anthony Minghella,0.0,0.0,0.0,1.0,0.0,0.0
1995,Il Postino: The Postman,Michael Radford,0.0,0.0,1.0,1.0,0.0,0.0
1995,Braveheart,Mel Gibson,0.0,0.0,0.0,1.0,0.0,0.0
1995,The Madness of King George,Nicholas Hytner,0.0,0.0,0.0,1.0,0.0,0.0
1994,Four Weddings and a Funeral,Mike Newell,0.0,0.0,1.0,1.0,0.0,0.0
1994,Three Colours: Red (Trois couleurs : Rouge),Krzysztof Kieslowski,0.0,0.0,0.0,1.0,0.0,0.0
1994,Pulp Fiction,Quentin Tarantino,0.0,0.0,0.0,1.0,0.0,0.0
1994,Forrest Gump,Robert Zemeckis,0.0,0.0,0.0,1.0,0.0,0.0
1993,Schindler's List,Steven Spielberg,0.0,0.0,1.0,1.0,0.0,0.0
1993,Shadowlands,Richard Attenborough,0.0,0.0,0.0,1.0,0.0,0.0
1993,The Piano,Jane Campion,0.0,0.0,0.0,1.0,0.0,0.0
1993,The Remains of the Day,James Ivory,0.0,0.0,0.0,1.0,0.0,0.0
1992,The Player,Robert Altman,0.0,0.0,1.0,1.0,0.0,0.0
1992,Unforgiven,Clint Eastwood,0.0,0.0,0.0,1.0,0.0,0.0
1992,Howards End,James Ivory,0.0,0.0,0.0,1.0,0.0,0.0
1992,The Crying Game,Neil Jordan,0.0,0.0,0.0,1.0,0.0,0.0
1991,The Commitments,Alan Parker,0.0,0.0,1.0,1.0,0.0,0.0
1991,Dances with Wolves,Kevin Costner,0.0,0.0,0.0,1.0,0.0,0.0
1991,The Silence of the Lambs,Jonathan Demme,0.0,0.0,0.0,1.0,0.0,0.0
1991,Thelma and Louise,Ridley Scott,0.0,0.0,0.0,1.0,0.0,0.0
1990,Goodfellas,Martin Scorsese,0.0,0.0,1.0,1.0,0.0,0.0
1990,Crimes and Misdemeanors,Woody Allen,0.0,0.0,0.0,1.0,0.0,0.0
1990,Driving Miss Daisy,Bruce Beresford,0.0,0.0,0.0,1.0,0.0,0.0
1990,Cinema Paradiso (Nuovo cinema Paradiso),Giuseppe Tornatore,0.0,0.0,0.0,1.0,0.0,0.0
1989,Henry V,Kenneth Branagh,0.0,0.0,1.0,1.0,0.0,0.0
1989,Dangerous Liaisons,Stephen Frears,0.0,0.0,0.0,1.0,0.0,0.0
1989,Mississippi Burning,Alan Parker,0.0,0.0,0.0,1.0,0.0,0.0
1989,Dead Poets Society,Peter Weir,0.0,0.0,0.0,1.0,0.0,0.0
1988,Au revoir les enfants,Louis Malle,0.0,0.0,1.0,1.0,0.0,0.0
1988,Babette's Feast,Gabriel Axel,0.0,0.0,0.0,1.0,0.0,0.0
1988,The Last Emperor,Bernardo Bertolucci,0.0,0.0,0.0,1.0,0.0,0.0
1988,A Fish Called Wanda,Charles Crichton,0.0,0.0,0.0,1.0,0.0,0.0
1987,Platoon,Oliver Stone,0.0,0.0,1.0,1.0,0.0,0.0
1987,Jean de Florette,Claude Berri,0.0,0.0,0.0,1.0,0.0,0.0
1987,Hope and Glory,John Boorman,0.0,0.0,0.0,1.0,0.0,0.0
1986,Hannah and Her Sisters,Woody Allen,0.0,0.0,1.0,1.0,0.0,0.0
1986,The Mission,Roland Joff,0.0,0.0,0.0,1.0,0.0,0.0
1986,Mona Lisa,Neil Jordan,0.0,0.0,0.0,1.0,0.0,0.0
1986,A Room with a View,James Ivory,0.0,0.0,0.0,1.0,0.0,0.0
1984,"Paris, Texas",Wim Wenders,0.0,0.0,1.0,1.0,0.0,0.0
1984,The Killing Fields,Roland Joff,0.0,0.0,0.0,1.0,0.0,0.0
1984,The Dresser,Peter Yates,0.0,0.0,0.0,1.0,0.0,0.0
1983,Local Hero,Bill Forsyth,0.0,0.0,1.0,1.0,0.0,0.0
1983,Heat and Dust,James Ivory,0.0,0.0,0.0,1.0,0.0,0.0
1983,Tootsie,Sydney Pollack,0.0,0.0,0.0,1.0,0.0,0.0
1983,The King of Comedy,Martin Scorsese,0.0,0.0,0.0,1.0,0.0,0.0
1982,Gandhi,Richard Attenborough,0.0,0.0,1.0,1.0,0.0,0.0
1982,Missing,Costa-Gavras,0.0,0.0,0.0,1.0,0.0,0.0
1982,On Golden Pond,Mark Rydell,0.0,0.0,0.0,1.0,0.0,0.0
1982,E.T. the Extra-Terrestrial,Steven Spielberg,0.0,0.0,0.0,1.0,0.0,0.0
1981,Atlantic City,Louis Malle,0.0,0.0,1.0,1.0,0.0,0.0
1981,Gregory's Girl,Bill Forsyth,0.0,0.0,0.0,1.0,0.0,0.0
1981,Chariots of Fire,Hugh Hudson,0.0,0.0,0.0,1.0,0.0,0.0
1981,The French Lieutenant's Woman,Karel Reisz,0.0,0.0,0.0,1.0,0.0,0.0
1980,Kagemusha,Akira Kurosawa,0.0,0.0,1.0,1.0,0.0,0.0
1980,Kramer vs. Kramer,Robert Benton,0.0,0.0,0.0,1.0,0.0,0.0
1980,The Elephant Man,David Lynch,0.0,0.0,0.0,1.0,0.0,0.0
1980,Fame,Alan Parker,0.0,0.0,0.0,1.0,0.0,0.0
1979,Apocalypse Now,Francis Ford Coppola,0.0,0.0,1.0,1.0,0.0,0.0
1979,Manhattan,Woody Allen,0.0,0.0,0.0,1.0,0.0,0.0
1979,The Deer Hunter,Michael Cimino,0.0,0.0,0.0,1.0,0.0,0.0
1979,Yanks,John Schlesinger,0.0,0.0,0.0,1.0,0.0,0.0
1978,Midnight Express,Alan Parker,0.0,0.0,1.0,1.0,0.0,0.0
1978,A Wedding,Robert Altman,0.0,0.0,0.0,1.0,0.0,0.0
1978,Close Encounters of the Third Kind,Steven Spielberg,0.0,0.0,0.0,1.0,0.0,0.0
1978,Julia,Fred Zinnemann,0.0,0.0,0.0,1.0,0.0,0.0
1977,Annie Hall,Woody Allen,0.0,0.0,1.0,1.0,0.0,0.0
1977,A Bridge Too Far,Richard Attenborough,0.0,0.0,0.0,1.0,0.0,0.0
1977,Rocky,John G. Avildsen,0.0,0.0,0.0,1.0,0.0,0.0
1977,Network,Sidney Lumet,0.0,0.0,0.0,1.0,0.0,0.0
1976,One Flew Over the Cuckoo's Nest,Milo Forman,0.0,0.0,1.0,1.0,0.0,0.0
1976,All the President's Men,Alan J. Pakula,0.0,0.0,0.0,1.0,0.0,0.0
1976,Bugsy Malone,Alan Parker,0.0,0.0,0.0,1.0,0.0,0.0
1976,Taxi Driver,Martin Scorsese,0.0,0.0,0.0,1.0,0.0,0.0
1975,Barry Lyndon,Stanley Kubrick,0.0,0.0,1.0,1.0,0.0,0.0
1975,Dog Day Afternoon,Sidney Lumet,0.0,0.0,0.0,1.0,0.0,0.0
1975,Alice Doesn't Live Here Anymore,Martin Scorsese,0.0,0.0,0.0,1.0,0.0,0.0
1974,Chinatown,Roman Polanski,0.0,0.0,1.0,1.0,0.0,0.0
1974,Murder on the Orient Express,Sidney Lumet,0.0,0.0,0.0,1.0,0.0,0.0
1974,Lacombe Lucien,Louis Malle,0.0,0.0,0.0,1.0,0.0,0.0
1973,Day for Night,Franois Truffaut,0.0,0.0,1.0,1.0,0.0,0.0
1973,The Discreet Charm of the Bourgeoisie,Luis Buuel,0.0,0.0,0.0,1.0,0.0,0.0
1973,Don't Look Now,Nicolas Roeg,0.0,0.0,0.0,1.0,0.0,0.0
1972,Cabaret,Bob Fosse,0.0,0.0,1.0,1.0,0.0,0.0
1972,The Last Picture Show,Peter Bogdanovich,0.0,0.0,0.0,1.0,0.0,0.0
1972,The French Connection,William Friedkin,0.0,0.0,0.0,1.0,0.0,0.0
1972,A Clockwork Orange,Stanley Kubrick,0.0,0.0,0.0,1.0,0.0,0.0
1971,Sunday Bloody Sunday,John Schlesinger,0.0,0.0,1.0,1.0,0.0,0.0
1971,Taking Off,Milo Forman,0.0,0.0,0.0,1.0,0.0,0.0
1971,The Go-Between,Joseph Losey,0.0,0.0,0.0,1.0,0.0,0.0
1971,Death in Venice,Luchino Visconti,0.0,0.0,0.0,1.0,0.0,0.0
1970,Butch Cassidy and the Sundance Kid,George Roy Hill,0.0,0.0,1.0,1.0,0.0,0.0
1970,M*A*S*H,Robert Altman,0.0,0.0,0.0,1.0,0.0,0.0
1970,Ryan's Daughter,David Lean,0.0,0.0,0.0,1.0,0.0,0.0
1970,Kes,Ken Loach,0.0,0.0,0.0,1.0,0.0,0.0
1969,Midnight Cowboy,John Schlesinger,0.0,0.0,1.0,1.0,0.0,0.0
1969,Oh! What a Lovely War,Richard Attenborough,0.0,0.0,0.0,1.0,0.0,0.0
1969,Women in Love,Ken Russell,0.0,0.0,0.0,1.0,0.0,0.0
1969,Bullitt,Peter Yates,0.0,0.0,0.0,1.0,0.0,0.0
1968,The Graduate,Mike Nichols,0.0,0.0,1.0,1.0,0.0,0.0
1968,if....,Lindsay Anderson,0.0,0.0,0.0,1.0,0.0,0.0
1968,Oliver!,Carol Reed,0.0,0.0,0.0,1.0,0.0,0.0
1968,Romeo and Juliet,Franco Zeffirelli,0.0,0.0,0.0,1.0,0.0,0.0
1985, Blood Simple , Joel Coen ,0.0,0.0,0.0,0.0,1.0,1.0
1985, After Hours,Martin Scorsese,0.0,0.0,0.0,0.0,0.0,1.0
1985, Smooth Talk,Joyce Chopra ,0.0,0.0,0.0,0.0,0.0,1.0
1985, The Trip to Bountiful,Peter Masterson ,0.0,0.0,0.0,0.0,0.0,1.0
1986, Platoon   , Oliver Stone ,0.0,0.0,0.0,0.0,1.0,1.0
1986, Down by Law,Jim Jarmusch ,0.0,0.0,0.0,0.0,0.0,1.0
1986, Blue Velvet,David Lynch ,0.0,0.0,0.0,0.0,0.0,1.0
1986, Stand by Me,Rob Reiner ,0.0,0.0,0.0,0.0,0.0,1.0
1986, Salvador,Oliver Stone ,0.0,0.0,0.0,0.0,0.0,1.0
1987, The Dead, John Huston ,0.0,0.0,0.0,0.0,1.0,1.0
1987, Swimming to Cambodia,Jonathan Demme ,0.0,0.0,0.0,0.0,0.0,1.0
1987, River's Edge,Tim Hunter ,0.0,0.0,0.0,0.0,0.0,1.0
1987, The Big Easy,Jim McBride ,0.0,0.0,0.0,0.0,0.0,1.0
1987, Matewan,John Sayles ,0.0,0.0,0.0,0.0,0.0,1.0
1988, Stand and Deliver, Ramon Menendez ,0.0,0.0,0.0,0.0,1.0,1.0
1988, Patti Rocks,David Burton Morris ,0.0,0.0,0.0,0.0,0.0,1.0
1988, The Thin Blue Line,Errol Morris ,0.0,0.0,0.0,0.0,0.0,1.0
1988, Talk Radio,Oliver Stone ,0.0,0.0,0.0,0.0,0.0,1.0
1988, Hairspray,John Waters ,0.0,0.0,0.0,0.0,0.0,1.0
1989," Sex, Lies and Videotape", Steven Soderbergh ,0.0,0.0,0.0,0.0,1.0,1.0
1989, Mystery Train,Jim Jarmusch ,0.0,0.0,0.0,0.0,0.0,1.0
1989, Sidewalk Stories,Charles Lane ,0.0,0.0,0.0,0.0,0.0,1.0
1989, True Love,Nancy Savoca ,0.0,0.0,0.0,0.0,0.0,1.0
1989, Drugstore Cowboy,Gus Van Sant ,0.0,0.0,0.0,0.0,0.0,1.0
1990, To Sleep with Anger, Charles Burnett ,0.0,0.0,0.0,0.0,1.0,1.0
1990, House Party,Reginald Hudlin ,0.0,0.0,0.0,0.0,0.0,1.0
1990, Henry: Portrait of a Serial Killer,John McNaughton ,0.0,0.0,0.0,0.0,0.0,1.0
1990, Pump Up the Volume,Allan Moyle ,0.0,0.0,0.0,0.0,0.0,1.0
1990, The Plot Against Harry,Michael Roemer ,0.0,0.0,0.0,0.0,0.0,1.0
1991, Rambling Rose, Martha Coolidge ,0.0,0.0,0.0,0.0,1.0,1.0
1991, Poison,Todd Haynes ,0.0,0.0,0.0,0.0,0.0,1.0
1991, Slacker,Richard Linklater ,0.0,0.0,0.0,0.0,0.0,1.0
1991, My Own Private Idaho,Gus Van Sant ,0.0,0.0,0.0,0.0,0.0,1.0
1991, Hangin' with the Homeboys,Joseph Vásquez ,0.0,0.0,0.0,0.0,0.0,1.0
1992, One False Move, Carl Franklin ,0.0,0.0,0.0,0.0,1.0,1.0
1992, Gas Food Lodging,Allison Anders ,0.0,0.0,0.0,0.0,0.0,1.0
1992, Bad Lieutenant,Abel Ferrara ,0.0,0.0,0.0,0.0,0.0,1.0
1992, Swoon,Tom Kalin ,0.0,0.0,0.0,0.0,0.0,1.0
1992, Reservoir Dogs,Quentin Tarantino ,0.0,0.0,0.0,0.0,0.0,1.0
1993, Short Cuts , Robert Altman ,0.0,0.0,0.0,0.0,1.0,1.0
1993, The Wedding Banquet,Ang Lee ,0.0,0.0,0.0,0.0,0.0,1.0
1993, Ruby in Paradise,Victor Nuñez ,0.0,0.0,0.0,0.0,0.0,1.0
1993, El Mariachi,Robert Rodriguez ,0.0,0.0,0.0,0.0,0.0,1.0
1993, Mac,John Turturro ,0.0,0.0,0.0,0.0,0.0,1.0
1994, Pulp Fiction , Quentin Tarantino ,0.0,0.0,0.0,0.0,1.0,1.0
1994, Red Rock West,John Dahl ,0.0,0.0,0.0,0.0,0.0,1.0
1994, Eat Drink Man Woman,Ang Lee ,0.0,0.0,0.0,0.0,0.0,1.0
1994, Death and the Maiden,Roman Polanski ,0.0,0.0,0.0,0.0,0.0,1.0
1994, Mrs. Parker and the Vicious Circle,Alan Rudolph ,0.0,0.0,0.0,0.0,0.0,1.0
1995, Leaving Las Vegas , Mike Figgis ,0.0,0.0,0.0,0.0,1.0,1.0
1995, Nadja,Michael Almereyda ,0.0,0.0,0.0,0.0,0.0,1.0
1995, Georgia,Ulu Grosbard ,0.0,0.0,0.0,0.0,0.0,1.0
1995, Safe,Todd Haynes ,0.0,0.0,0.0,0.0,0.0,1.0
1995, The Secret of Roan Inish,John Sayles ,0.0,0.0,0.0,0.0,0.0,1.0
1996, Fargo , Joel Coen ,0.0,0.0,0.0,0.0,1.0,1.0
1996, The Funeral,Abel Ferrara ,0.0,0.0,0.0,0.0,0.0,1.0
1996, Flirting with Disaster,David O. Russell ,0.0,0.0,0.0,0.0,0.0,1.0
1996, Welcome to the Dollhouse,Todd Solondz ,0.0,0.0,0.0,0.0,0.0,1.0
1996, Caught,Robert M. Young ,0.0,0.0,0.0,0.0,0.0,1.0
1997, The Apostle, Robert Duvall ,0.0,0.0,0.0,0.0,1.0,1.0
1997, Habit,Larry Fessenden ,0.0,0.0,0.0,0.0,0.0,1.0
1997, Ulee's Gold,Victor Nuñez ,0.0,0.0,0.0,0.0,0.0,1.0
1997, Touch,Paul Schrader ,0.0,0.0,0.0,0.0,0.0,1.0
1997, The End of Violence,Wim Wenders ,0.0,0.0,0.0,0.0,0.0,1.0
1998, Rushmore, Wes Anderson ,0.0,0.0,0.0,0.0,1.0,1.0
1998, Velvet Goldmine,Todd Haynes ,0.0,0.0,0.0,0.0,0.0,1.0
1998, Claire Dolan,Lodge Kerrigan ,0.0,0.0,0.0,0.0,0.0,1.0
1998, Affliction,Paul Schrader ,0.0,0.0,0.0,0.0,0.0,1.0
1998, Happiness,Todd Solondz ,0.0,0.0,0.0,0.0,0.0,1.0
1999, Election, Alexander Payne ,0.0,0.0,0.0,0.0,1.0,1.0
1999, Julien Donkey-Boy,Harmony Korine ,0.0,0.0,0.0,0.0,0.0,1.0
1999, Go,Doug Liman ,0.0,0.0,0.0,0.0,0.0,1.0
1999, The Straight Story,David Lynch ,0.0,0.0,0.0,0.0,0.0,1.0
1999, The Limey,Steven Soderbergh ,0.0,0.0,0.0,0.0,0.0,1.0
2000," Crouching Tiger, Hidden Dragon", Ang Lee ,0.0,0.0,0.0,0.0,1.0,1.0
2000, Requiem for a Dream,Darren Aronofsky ,0.0,0.0,0.0,0.0,0.0,1.0
2000, Chuck & Buck,Miguel Arteta ,0.0,0.0,0.0,0.0,0.0,1.0
2000, Best in Show,Christopher Guest ,0.0,0.0,0.0,0.0,0.0,1.0
2000, Before Night Falls,Julian Schnabel ,0.0,0.0,0.0,0.0,0.0,1.0
2001, Memento, Christopher Nolan ,0.0,0.0,0.0,0.0,1.0,1.0
2001, L.I.E.,Michael Cuesta ,0.0,0.0,0.0,0.0,0.0,1.0
2001, Stranger Inside,Cheryl Dunye ,0.0,0.0,0.0,0.0,0.0,1.0
2001, Waking Life,Richard Linklater ,0.0,0.0,0.0,0.0,0.0,1.0
2001, Hedwig and the Angry Inch,John Cameron Mitchell ,0.0,0.0,0.0,0.0,0.0,1.0
2002, Far from Heaven, Todd Haynes ,0.0,0.0,0.0,0.0,1.0,1.0
2002, Narc,Joe Carnahan ,0.0,0.0,0.0,0.0,0.0,1.0
2002, Lovely & Amazing,Nicole Holofcener ,0.0,0.0,0.0,0.0,0.0,1.0
2002, Ivans Xtc,Bernard Rose ,0.0,0.0,0.0,0.0,0.0,1.0
2002, Gerry,Gus Van Sant ,0.0,0.0,0.0,0.0,0.0,1.0
2003, Lost in Translation , Sofia Coppola ,0.0,0.0,0.0,0.0,1.0,1.0
2003, American Splendor,Shari Springer Berman and Robert Pulcini ,0.0,0.0,0.0,0.0,0.0,1.0
2003, In America,Jim Sheridan ,0.0,0.0,0.0,0.0,0.0,1.0
2003, Raising Victor Vargas,Peter Sollett ,0.0,0.0,0.0,0.0,0.0,1.0
2003, Elephant,Gus Van Sant ,0.0,0.0,0.0,0.0,0.0,1.0
2004, Sideways , Alexander Payne ,0.0,0.0,0.0,0.0,1.0,1.0
2004, Primer,Shane Carruth ,0.0,0.0,0.0,0.0,0.0,1.0
2004, Maria Full of Grace,Joshua Marston ,0.0,0.0,0.0,0.0,0.0,1.0
2004, The Motorcycle Diaries,Walter Salles ,0.0,0.0,0.0,0.0,0.0,1.0
2004, Baadasssss!,Mario Van Peebles ,0.0,0.0,0.0,0.0,0.0,1.0
2005, Brokeback Mountain   , Ang Lee ,0.0,0.0,0.0,0.0,1.0,1.0
2005, Mysterious Skin,Gregg Araki ,0.0,0.0,0.0,0.0,0.0,1.0
2005, The Squid and the Whale,Noah Baumbach ,0.0,0.0,0.0,0.0,0.0,1.0
2005," Good Night, and Good Luck ",George Clooney ,0.0,0.0,0.0,0.0,0.0,1.0
2005, Nine Lives,Rodrigo García ,0.0,0.0,0.0,0.0,0.0,1.0
2006, Little Miss Sunshine, Jonathan Dayton and Valerie Faris ,0.0,0.0,0.0,0.0,1.0,1.0
2006, A Prairie Home Companion,Robert Altman ,0.0,0.0,0.0,0.0,0.0,1.0
2006, Half Nelson,Ryan Fleck ,0.0,0.0,0.0,0.0,0.0,1.0
2006, The Dead Girl,Karen Moncrieff ,0.0,0.0,0.0,0.0,0.0,1.0
2006, Bubble,Steven Soderbergh ,0.0,0.0,0.0,0.0,0.0,1.0
2007, The Diving Bell and the Butterfly , Julian Schnabel ,0.0,0.0,0.0,0.0,1.0,1.0
2007, I'm Not There,Todd Haynes ,0.0,0.0,0.0,0.0,0.0,1.0
2007, The Savages,Tamara Jenkins ,0.0,0.0,0.0,0.0,0.0,1.0
2007, Juno ,Jason Reitman ,0.0,0.0,0.0,0.0,0.0,1.0
2007, Paranoid Park,Gus Van Sant ,0.0,0.0,0.0,0.0,0.0,1.0
2008, The Visitor, Tom McCarthy ,0.0,0.0,0.0,0.0,1.0,1.0
2008, Chop Shop,Ramin Bahrani ,0.0,0.0,0.0,0.0,0.0,1.0
2008, Rachel Getting Married,Jonathan Demme ,0.0,0.0,0.0,0.0,0.0,1.0
2008, Ballast,Lance Hammer ,0.0,0.0,0.0,0.0,0.0,1.0
2008, Frozen River,Courtney Hunt ,0.0,0.0,0.0,0.0,0.0,1.0
2009, Precious, Lee Daniels ,0.0,0.0,0.0,0.0,1.0,1.0
2009, A Serious Man,Joel Coen and Ethan Coen ,0.0,0.0,0.0,0.0,0.0,1.0
2009, Sin Nombre,Cary Fukunaga ,0.0,0.0,0.0,0.0,0.0,1.0
2009, Two Lovers,James Gray ,0.0,0.0,0.0,0.0,0.0,1.0
2009, The Last Station,Michael Hoffman ,0.0,0.0,0.0,0.0,0.0,1.0
2010, Black Swan, Darren Aronofsky ,0.0,0.0,0.0,0.0,1.0,1.0
2010, 127 Hours,Danny Boyle ,0.0,0.0,0.0,0.0,0.0,1.0
2010, The Kids Are All Right,Lisa Cholodenko ,0.0,0.0,0.0,0.0,0.0,1.0
2010, Winter's Bone,Debra Granik ,0.0,0.0,0.0,0.0,0.0,1.0
2010, Rabbit Hole,John Cameron Mitchell ,0.0,0.0,0.0,0.0,0.0,1.0
2011, The Artist   , Michel Hazanavicius ,0.0,0.0,0.0,0.0,1.0,1.0
2011, Beginners,Mike Mills ,0.0,0.0,0.0,0.0,0.0,1.0
2011, Take Shelter,Jeff Nichols ,0.0,0.0,0.0,0.0,0.0,1.0
2011, The Descendants ,Alexander Payne ,0.0,0.0,0.0,0.0,0.0,1.0
2011, Drive,Nicolas Winding Refn ,0.0,0.0,0.0,0.0,0.0,1.0
2012, Silver Linings Playbook , David O. Russell ,0.0,0.0,0.0,0.0,1.0,1.0
2012, Moonrise Kingdom,Wes Anderson ,0.0,0.0,0.0,0.0,0.0,1.0
2012, The Loneliest Planet,Julia Loktev ,0.0,0.0,0.0,0.0,0.0,1.0
2012, Keep the Lights On,Ira Sachs ,0.0,0.0,0.0,0.0,0.0,1.0
2012, Beasts of the Southern Wild ,Benh Zeitlin ,0.0,0.0,0.0,0.0,0.0,1.0
2013, 12 Years a Slave , Steve McQueen ,0.0,0.0,0.0,0.0,1.0,1.0
2013, Upstream Color,Shane Carruth ,0.0,0.0,0.0,0.0,0.0,1.0
2013, All Is Lost,J. C. Chandor ,0.0,0.0,0.0,0.0,0.0,1.0
2013, Mud,Jeff Nichols ,0.0,0.0,0.0,0.0,0.0,1.0
2013, Nebraska ,Alexander Payne ,0.0,0.0,0.0,0.0,0.0,1.0
2014, Boyhood , Richard Linklater ,0.0,0.0,0.0,0.0,1.0,1.0
2014, Whiplash,Damien Chazelle ,0.0,0.0,0.0,0.0,0.0,1.0
2014, Selma,Ava DuVernay ,0.0,0.0,0.0,0.0,0.0,1.0
2014, Birdman or (The Unexpected Virtue of Ignorance)�,Alejandro G. Iñárritu ,0.0,0.0,0.0,0.0,0.0,1.0
2014," Kumiko, the Treasure Hunter",David Zellner ,0.0,0.0,0.0,0.0,0.0,1.0
2015, Spotlight , Tom McCarthy ,0.0,0.0,0.0,0.0,1.0,1.0
2015, Tangerine,Sean Baker ,0.0,0.0,0.0,0.0,0.0,1.0
2015, Beasts of No Nation,Cary Joji Fukunaga ,0.0,0.0,0.0,0.0,0.0,1.0
2015, Carol,Todd Haynes ,0.0,0.0,0.0,0.0,0.0,1.0
2015, Anomalisa,Charlie Kaufman and Duke Johnson ,0.0,0.0,0.0,0.0,0.0,1.0
2015, It Follows,David Robert Mitchell ,0.0,0.0,0.0,0.0,0.0,1.0
2016, Moonlight , Barry Jenkins ,0.0,0.0,0.0,0.0,1.0,1.0
2016, American Honey,Andrea Arnold ,0.0,0.0,0.0,0.0,0.0,1.0
2016, Jackie,Pablo Larraín ,0.0,0.0,0.0,0.0,0.0,1.0
2016, Loving,Jeff Nichols ,0.0,0.0,0.0,0.0,0.0,1.0
2016, Certain Women,Kelly Reichardt ,0.0,0.0,0.0,0.0,0.0,1.0
