Year,Actress,Name,Globe best actress winner,Globe best actress nominee,BAFTA best actress winner,BAFTA best actress nominee,Spirit best actress winner,Spirit best actress nominee,Guild best actress winner,Guild best actress nominee
1950,Gloria Swanson ,Sunset Boulevard,1.0,1.0,0.0,0.0,0.0,0.0,0.0,0.0
1950,Bette Davis ,All About Eve,0.0,1.0,0.0,0.0,0.0,0.0,0.0,0.0
1950,Judy Holliday ,Born Yesterday,0.0,1.0,0.0,0.0,0.0,0.0,0.0,0.0
1951,Jane Wyman ,The Blue Veil,1.0,1.0,0.0,0.0,0.0,0.0,0.0,0.0
1951,Vivien Leigh ,A Streetcar Named Desire,0.0,1.0,0.0,0.0,0.0,0.0,0.0,0.0
1951,Shelley Winters ,A Place in the Sun,0.0,1.0,0.0,0.0,0.0,0.0,0.0,0.0
1952,Shirley Booth ,"Come Back, Little Sheba",1.0,1.0,0.0,0.0,0.0,0.0,0.0,0.0
1952,Joan Crawford ,Sudden Fear,0.0,1.0,0.0,0.0,0.0,0.0,0.0,0.0
1952,Olivia de Havilland,My Cousin Rachel,0.0,1.0,0.0,0.0,0.0,0.0,0.0,0.0
1953,Audrey Hepburn ,Roman Holiday,1.0,1.0,0.0,0.0,0.0,0.0,0.0,0.0
1954,Grace Kelly ,The Country Girl,1.0,1.0,0.0,0.0,0.0,0.0,0.0,0.0
1955,Anna Magnani ,The Rose Tattoo,1.0,1.0,0.0,0.0,0.0,0.0,0.0,0.0
1956,Ingrid Bergman ,Anastasia,1.0,1.0,0.0,0.0,0.0,0.0,0.0,0.0
1956,Carroll Baker ,Baby Doll,0.0,1.0,0.0,0.0,0.0,0.0,0.0,0.0
1956,Helen Hayes,Anastasia,0.0,1.0,0.0,0.0,0.0,0.0,0.0,0.0
1956,Audrey Hepburn,War and Peace,0.0,1.0,0.0,0.0,0.0,0.0,0.0,0.0
1956,Katharine Hepburn ,The Rainmaker,0.0,1.0,0.0,0.0,0.0,0.0,0.0,0.0
1957,Joanne Woodward ,The Three Faces of Eve,1.0,1.0,0.0,0.0,0.0,0.0,0.0,0.0
1957,Marlene Dietrich,Witness for the Prosecution,0.0,1.0,0.0,0.0,0.0,0.0,0.0,0.0
1957,Deborah Kerr ,"Heaven Knows, Mr. Allison",0.0,1.0,0.0,0.0,0.0,0.0,0.0,0.0
1957,Anna Magnani ,Wild is the Wind,0.0,1.0,0.0,0.0,0.0,0.0,0.0,0.0
1957,Eva Marie Saint,A Hatful of Rain,0.0,1.0,0.0,0.0,0.0,0.0,0.0,0.0
1958,Susan Hayward ,I Want to Live!,1.0,1.0,0.0,0.0,0.0,0.0,0.0,0.0
1958,Ingrid Bergman,The Inn of the Sixth Happiness,0.0,1.0,0.0,0.0,0.0,0.0,0.0,0.0
1958,Deborah Kerr ,Separate Tables,0.0,1.0,0.0,0.0,0.0,0.0,0.0,0.0
1958,Shirley MacLaine ,Some Came Running,0.0,1.0,0.0,0.0,0.0,0.0,0.0,0.0
1958,Jean Simmons,Home Before Dark,0.0,1.0,0.0,0.0,0.0,0.0,0.0,0.0
1959,Elizabeth Taylor ,"Suddenly, Last Summer",1.0,1.0,0.0,0.0,0.0,0.0,0.0,0.0
1959,Audrey Hepburn ,The Nun's Story,0.0,1.0,0.0,0.0,0.0,0.0,0.0,0.0
1959,Katharine Hepburn ,"Suddenly, Last Summer",0.0,1.0,0.0,0.0,0.0,0.0,0.0,0.0
1959,Lee Remick,Anatomy of a Murder,0.0,1.0,0.0,0.0,0.0,0.0,0.0,0.0
1959,Simone Signoret ,Room at the Top,0.0,1.0,0.0,0.0,0.0,0.0,0.0,0.0
1960,Greer Garson ,Sunrise at Campobello,1.0,1.0,0.0,0.0,0.0,0.0,0.0,0.0
1960,Doris Day,Midnight Lace,0.0,1.0,0.0,0.0,0.0,0.0,0.0,0.0
1960,Nancy Kwan,The World of Suzie Wong,0.0,1.0,0.0,0.0,0.0,0.0,0.0,0.0
1960,Jean Simmons,Elmer Gantry,0.0,1.0,0.0,1.0,0.0,0.0,0.0,0.0
1960,Elizabeth Taylor ,Butterfield 8,0.0,1.0,0.0,0.0,0.0,0.0,0.0,0.0
1961,Geraldine Page ,Summer and Smoke,1.0,1.0,0.0,0.0,0.0,0.0,0.0,0.0
1961,Leslie Caron,Fanny,0.0,1.0,0.0,0.0,0.0,0.0,0.0,0.0
1961,Shirley MacLaine,The Children's Hour,0.0,1.0,0.0,0.0,0.0,0.0,0.0,0.0
1961,Claudia McNeil,A Raisin in the Sun,0.0,1.0,0.0,1.0,0.0,0.0,0.0,0.0
1961,Natalie Wood ,Splendor in the Grass,0.0,1.0,0.0,0.0,0.0,0.0,0.0,0.0
1962,Geraldine Page ,Sweet Bird of Youth,1.0,1.0,0.0,0.0,0.0,0.0,0.0,0.0
1962,Anne Bancroft ,The Miracle Worker,0.0,1.0,0.0,0.0,0.0,0.0,0.0,0.0
1962,Bette Davis ,What Ever Happened to Baby Jane?,0.0,1.0,0.0,0.0,0.0,0.0,0.0,0.0
1962,Katharine Hepburn ,Long Day's Journey Into Night,0.0,1.0,0.0,0.0,0.0,0.0,0.0,0.0
1962,Glynis Johns,The Chapman Report,0.0,1.0,0.0,0.0,0.0,0.0,0.0,0.0
1962,Melina Mercouri,Phaedra,0.0,1.0,1.0,1.0,0.0,0.0,0.0,0.0
1962,Lee Remick ,Days of Wine and Roses,0.0,1.0,0.0,0.0,0.0,0.0,0.0,0.0
1962,Susan Strasberg,Hemingway's Adventures of a Young Man,0.0,1.0,0.0,0.0,0.0,0.0,0.0,0.0
1962,Shelley Winters,Lolita,0.0,1.0,0.0,0.0,0.0,0.0,0.0,0.0
1962,Susannah York,Freud,0.0,1.0,0.0,0.0,0.0,0.0,0.0,0.0
1963,Leslie Caron ,The L-Shaped Room,1.0,1.0,0.0,0.0,0.0,0.0,0.0,0.0
1963,Polly Bergen,The Caretakers,0.0,1.0,0.0,0.0,0.0,0.0,0.0,0.0
1963,Geraldine Page,Toys in the Attic,0.0,1.0,0.0,0.0,0.0,0.0,0.0,0.0
1963,Rachel Roberts ,This Sporting Life,0.0,1.0,0.0,0.0,0.0,0.0,0.0,0.0
1963,Romy Schneider,The Cardinal,0.0,1.0,0.0,0.0,0.0,0.0,0.0,0.0
1963,Alida Valli,The Paper Man,0.0,1.0,0.0,0.0,0.0,0.0,0.0,0.0
1963,Marina Vlady,The Conjugal Bed,0.0,1.0,0.0,0.0,0.0,0.0,0.0,0.0
1963,Natalie Wood ,Love with the Proper Stranger,0.0,1.0,0.0,0.0,0.0,0.0,0.0,0.0
1964,Anne Bancroft ,The Pumpkin Eater,1.0,1.0,0.0,0.0,0.0,0.0,0.0,0.0
1964,Ava Gardner,The Night of the Iguana,0.0,1.0,0.0,1.0,0.0,0.0,0.0,0.0
1964,Rita Hayworth,Circus World,0.0,1.0,0.0,0.0,0.0,0.0,0.0,0.0
1964,Geraldine Page,Dear Heart,0.0,1.0,0.0,0.0,0.0,0.0,0.0,0.0
1964,Jean Seberg,Lilith,0.0,1.0,0.0,0.0,0.0,0.0,0.0,0.0
1965,Samantha Eggar ,The Collector,1.0,1.0,0.0,0.0,0.0,0.0,0.0,0.0
1965,Julie Christie ,Darling,0.0,1.0,0.0,0.0,0.0,0.0,0.0,0.0
1965,Elizabeth Hartman ,A Patch of Blue,0.0,1.0,0.0,0.0,0.0,0.0,0.0,0.0
1965,Simone Signoret ,Ship of Fools,0.0,1.0,0.0,0.0,0.0,0.0,0.0,0.0
1965,Maggie Smith  nominated for Academy Award for Best Supporting Actress,Othello,0.0,1.0,0.0,0.0,0.0,0.0,0.0,0.0
1966,Anouk Aimée ,A Man and a Woman,1.0,1.0,0.0,0.0,0.0,0.0,0.0,0.0
1966,Ida Kaminska ,The Shop on Main Street,0.0,1.0,0.0,0.0,0.0,0.0,0.0,0.0
1966,Virginia McKenna,Born Free,0.0,1.0,0.0,0.0,0.0,0.0,0.0,0.0
1966,Elizabeth Taylor ,Who's Afraid of Virginia Woolf?,0.0,1.0,0.0,0.0,0.0,0.0,0.0,0.0
1966,Natalie Wood,This Property Is Condemned,0.0,1.0,0.0,0.0,0.0,0.0,0.0,0.0
1967,Edith Evans ,The Whisperers,1.0,1.0,0.0,0.0,0.0,0.0,0.0,0.0
1967,Faye Dunaway ,Bonnie and Clyde,0.0,1.0,0.0,0.0,0.0,0.0,0.0,0.0
1967,Audrey Hepburn ,Wait Until Dark,0.0,1.0,0.0,0.0,0.0,0.0,0.0,0.0
1967,Katharine Hepburn ,Guess Who's Coming to Dinner,0.0,1.0,0.0,0.0,0.0,0.0,0.0,0.0
1967,Anne Heywood,The Fox,0.0,1.0,0.0,0.0,0.0,0.0,0.0,0.0
1968,Joanne Woodward ,"Rachel, Rachel",1.0,1.0,0.0,0.0,0.0,0.0,0.0,0.0
1968,Mia Farrow,Rosemary's Baby,0.0,1.0,0.0,0.0,0.0,0.0,0.0,0.0
1968,Katharine Hepburn ,The Lion in Winter,0.0,1.0,0.0,0.0,0.0,0.0,0.0,0.0
1968,Vanessa Redgrave ,Isadora,0.0,1.0,0.0,0.0,0.0,0.0,0.0,0.0
1968,Beryl Reid,The Killing of Sister George,0.0,1.0,0.0,0.0,0.0,0.0,0.0,0.0
1969,Geneviève Bujold ,Anne of the Thousand Days,1.0,1.0,0.0,0.0,0.0,0.0,0.0,0.0
1969,Jane Fonda ,"They Shoot Horses, Don't They?",0.0,1.0,0.0,0.0,0.0,0.0,0.0,0.0
1969,Liza Minnelli ,The Sterile Cuckoo,0.0,1.0,0.0,0.0,0.0,0.0,0.0,0.0
1969,Jean Simmons ,The Happy Ending,0.0,1.0,0.0,0.0,0.0,0.0,0.0,0.0
1969,Maggie Smith ,The Prime of Miss Jean Brodie,0.0,1.0,0.0,0.0,0.0,0.0,0.0,0.0
1970,Ali MacGraw ,Love Story,1.0,1.0,0.0,0.0,0.0,0.0,0.0,0.0
1970,Faye Dunaway,Puzzle of a Downfall Child,0.0,1.0,0.0,0.0,0.0,0.0,0.0,0.0
1970,Glenda Jackson ,Women in Love,0.0,1.0,0.0,0.0,0.0,0.0,0.0,0.0
1970,Melina Mercouri,Promise at Dawn,0.0,1.0,0.0,0.0,0.0,0.0,0.0,0.0
1970,Sarah Miles ,Ryan's Daughter,0.0,1.0,0.0,0.0,0.0,0.0,0.0,0.0
1971,Jane Fonda ,Klute,1.0,1.0,0.0,0.0,0.0,0.0,0.0,0.0
1971,Dyan Cannon,Such Good Friends,0.0,1.0,0.0,0.0,0.0,0.0,0.0,0.0
1971,Glenda Jackson,"Mary, Queen of Scots",0.0,1.0,0.0,0.0,0.0,0.0,0.0,0.0
1971,Vanessa Redgrave ,"Mary, Queen of Scots",0.0,1.0,0.0,0.0,0.0,0.0,0.0,0.0
1971,Jessica Walter,Play Misty For Me,0.0,1.0,0.0,0.0,0.0,0.0,0.0,0.0
1972,Liv Ullmann ,The Emigrants,1.0,1.0,0.0,0.0,0.0,0.0,0.0,0.0
1972,Diana Ross ,Lady Sings the Blues,0.0,1.0,0.0,0.0,0.0,0.0,0.0,0.0
1972,Cicely Tyson ,Sounder,0.0,1.0,0.0,0.0,0.0,0.0,0.0,0.0
1972,Trish Van Devere,One is a Lonely Number,0.0,1.0,0.0,0.0,0.0,0.0,0.0,0.0
1972,Tuesday Weld,Play It as It Lays,0.0,1.0,0.0,0.0,0.0,0.0,0.0,0.0
1972,Joanne Woodward,The Effect of Gamma Rays on Man-in-the-Moon Marigolds,0.0,1.0,0.0,0.0,0.0,0.0,0.0,0.0
1973,Marsha Mason ,Cinderella Liberty,1.0,1.0,0.0,0.0,0.0,0.0,0.0,0.0
1973,Ellen Burstyn ,The Exorcist,0.0,1.0,0.0,0.0,0.0,0.0,0.0,0.0
1973,Barbra Streisand ,The Way We Were,0.0,1.0,0.0,0.0,0.0,0.0,0.0,0.0
1973,Elizabeth Taylor,Ash Wednesday,0.0,1.0,0.0,0.0,0.0,0.0,0.0,0.0
1973,Joanne Woodward ,"Summer Wishes, Winter Dreams",0.0,1.0,0.0,0.0,0.0,0.0,0.0,0.0
1974,Gena Rowlands ,A Woman Under the Influence,1.0,1.0,0.0,0.0,0.0,0.0,0.0,0.0
1974,Ellen Burstyn ,Alice Doesn't Live Here Anymore,0.0,1.0,0.0,0.0,0.0,0.0,0.0,0.0
1974,Faye Dunaway ,Chinatown,0.0,1.0,0.0,0.0,0.0,0.0,0.0,0.0
1974,Valerie Perrine ,Lenny,0.0,1.0,0.0,0.0,0.0,0.0,0.0,0.0
1974,Liv Ullmann,Scenes From a Marriage,0.0,1.0,0.0,0.0,0.0,0.0,0.0,0.0
1975,Louise Fletcher ,One Flew Over the Cuckoo's Nest,1.0,1.0,0.0,0.0,0.0,0.0,0.0,0.0
1975,Karen Black,The Day of the Locust,0.0,1.0,0.0,0.0,0.0,0.0,0.0,0.0
1975,Faye Dunaway,Three Days of the Condor,0.0,1.0,0.0,0.0,0.0,0.0,0.0,0.0
1975,Marilyn Hassett,The Other Side of the Mountain,0.0,1.0,0.0,0.0,0.0,0.0,0.0,0.0
1975,Glenda Jackson ,Hedda,0.0,1.0,0.0,0.0,0.0,0.0,0.0,0.0
1976,Faye Dunaway ,Network,1.0,1.0,0.0,0.0,0.0,0.0,0.0,0.0
1976,Glenda Jackson,The Incredible Sarah,0.0,1.0,0.0,0.0,0.0,0.0,0.0,0.0
1976,Sarah Miles,The Sailor Who Fell from Grace with the Sea,0.0,1.0,0.0,0.0,0.0,0.0,0.0,0.0
1976,Talia Shire ,Rocky,0.0,1.0,0.0,0.0,0.0,0.0,0.0,0.0
1976,Liv Ullmann ,Face to Face,0.0,1.0,0.0,0.0,0.0,0.0,0.0,0.0
1977,Jane Fonda ,Julia,1.0,1.0,0.0,0.0,0.0,0.0,0.0,0.0
1977,Anne Bancroft ,The Turning Point,0.0,1.0,0.0,0.0,0.0,0.0,0.0,0.0
1977,Diane Keaton,Looking for Mr. Goodbar,0.0,1.0,0.0,0.0,0.0,0.0,0.0,0.0
1977,Kathleen Quinlan,I Never Promised You a Rose Garden,0.0,1.0,0.0,0.0,0.0,0.0,0.0,0.0
1977,Gena Rowlands,Opening Night,0.0,1.0,0.0,0.0,0.0,0.0,0.0,0.0
1978,Jane Fonda ,Coming Home,1.0,1.0,0.0,0.0,0.0,0.0,0.0,0.0
1978,Ingrid Bergman ,Autumn Sonata,0.0,1.0,0.0,0.0,0.0,0.0,0.0,0.0
1978,Jill Clayburgh ,An Unmarried Woman,0.0,1.0,0.0,0.0,0.0,0.0,0.0,0.0
1978,Glenda Jackson,Stevie,0.0,1.0,0.0,0.0,0.0,0.0,0.0,0.0
1978,Geraldine Page ,Interiors,0.0,1.0,0.0,0.0,0.0,0.0,0.0,0.0
1979,Sally Field ,Norma Rae,1.0,1.0,0.0,0.0,0.0,0.0,0.0,0.0
1979,Jill Clayburgh,La Luna,0.0,1.0,0.0,0.0,0.0,0.0,0.0,0.0
1979,Lisa Eichhorn,Yanks,0.0,1.0,0.0,0.0,0.0,0.0,0.0,0.0
1979,Jane Fonda ,The China Syndrome,0.0,1.0,0.0,0.0,0.0,0.0,0.0,0.0
1979,Marsha Mason,Promises in the Dark,0.0,1.0,0.0,0.0,0.0,0.0,0.0,0.0
1980,Mary Tyler Moore ,Ordinary People,1.0,1.0,0.0,0.0,0.0,0.0,0.0,0.0
1980,Ellen Burstyn ,Resurrection,0.0,1.0,0.0,0.0,0.0,0.0,0.0,0.0
1980,Nastassja Kinski,Tess,0.0,1.0,0.0,0.0,0.0,0.0,0.0,0.0
1980,Deborah Raffin,Touched by Love,0.0,1.0,0.0,0.0,0.0,0.0,0.0,0.0
1980,Gena Rowlands ,Gloria,0.0,1.0,0.0,0.0,0.0,0.0,0.0,0.0
1981,Meryl Streep ,The French Lieutenant's Woman,1.0,1.0,0.0,0.0,0.0,0.0,0.0,0.0
1981,Sally Field,Absence of Malice,0.0,1.0,0.0,0.0,0.0,0.0,0.0,0.0
1981,Katharine Hepburn ,On Golden Pond,0.0,1.0,0.0,0.0,0.0,0.0,0.0,0.0
1981,Diane Keaton ,Reds,0.0,1.0,0.0,0.0,0.0,0.0,0.0,0.0
1981,Sissy Spacek,Raggedy Man,0.0,1.0,0.0,0.0,0.0,0.0,0.0,0.0
1982,Meryl Streep ,Sophie's Choice,1.0,1.0,0.0,0.0,0.0,0.0,0.0,0.0
1982,Diane Keaton,Shoot the Moon,0.0,1.0,0.0,0.0,0.0,0.0,0.0,0.0
1982,Jessica Lange ,Frances,0.0,1.0,0.0,0.0,0.0,0.0,0.0,0.0
1982,Sissy Spacek ,Missing,0.0,1.0,0.0,0.0,0.0,0.0,0.0,0.0
1982,Debra Winger ,An Officer and a Gentleman,0.0,1.0,0.0,0.0,0.0,0.0,0.0,0.0
1983,Shirley MacLaine ,Terms of Endearment,1.0,1.0,0.0,0.0,0.0,0.0,0.0,0.0
1983,Jane Alexander ,Testament,0.0,1.0,0.0,0.0,0.0,0.0,0.0,0.0
1983,Bonnie Bedelia,Heart Like a Wheel,0.0,1.0,0.0,0.0,0.0,0.0,0.0,0.0
1983,Meryl Streep ,Silkwood,0.0,1.0,0.0,0.0,0.0,0.0,0.0,0.0
1983,Debra Winger ,Terms of Endearment,0.0,1.0,0.0,0.0,0.0,0.0,0.0,0.0
1984,Sally Field ,Places in the Heart,1.0,1.0,0.0,0.0,0.0,0.0,0.0,0.0
1984,Diane Keaton,Mrs. Soffel,0.0,1.0,0.0,0.0,0.0,0.0,0.0,0.0
1984,Jessica Lange ,Country,0.0,1.0,0.0,0.0,0.0,0.0,0.0,0.0
1984,Vanessa Redgrave ,The Bostonians,0.0,1.0,0.0,0.0,0.0,0.0,0.0,0.0
1984,Sissy Spacek ,The River,0.0,1.0,0.0,0.0,0.0,0.0,0.0,0.0
1985,Whoopi Goldberg ,The Color Purple,1.0,1.0,0.0,0.0,0.0,0.0,0.0,0.0
1985,Anne Bancroft ,Agnes of God,0.0,1.0,0.0,0.0,0.0,0.0,0.0,0.0
1985,Cher,Mask,0.0,1.0,0.0,0.0,0.0,0.0,0.0,0.0
1985,Geraldine Page ,The Trip to Bountiful,0.0,1.0,0.0,0.0,0.0,0.0,0.0,0.0
1985,Meryl Streep ,Out of Africa,0.0,1.0,0.0,0.0,0.0,0.0,0.0,0.0
1986,Marlee Matlin ,Children of a Lesser God,1.0,1.0,0.0,0.0,0.0,0.0,0.0,0.0
1986,Julie Andrews,Duet for One,0.0,1.0,0.0,0.0,0.0,0.0,0.0,0.0
1986,Anne Bancroft,"'night, Mother",0.0,1.0,0.0,0.0,0.0,0.0,0.0,0.0
1986,Farrah Fawcett,Extremities,0.0,1.0,0.0,0.0,0.0,0.0,0.0,0.0
1986,Sigourney Weaver ,Aliens,0.0,1.0,0.0,0.0,0.0,0.0,0.0,0.0
1987,Sally Kirkland ,Anna,1.0,1.0,0.0,0.0,0.0,0.0,0.0,0.0
1987,Rachel Chagall,Gaby: A True Story,0.0,1.0,0.0,0.0,0.0,0.0,0.0,0.0
1987,Glenn Close ,Fatal Attraction,0.0,1.0,0.0,0.0,0.0,0.0,0.0,0.0
1987,Faye Dunaway,Barfly,0.0,1.0,0.0,0.0,0.0,0.0,0.0,0.0
1987,Barbra Streisand,Nuts,0.0,1.0,0.0,0.0,0.0,0.0,0.0,0.0
1988,Jodie Foster ,The Accused,1.0,1.0,0.0,0.0,0.0,0.0,0.0,0.0
1988,Shirley MacLaine ,Madame Sousatzka,0.0,1.0,0.0,0.0,0.0,0.0,0.0,0.0
1988,Sigourney Weaver ,Gorillas in the Mist,0.0,1.0,0.0,0.0,0.0,0.0,0.0,0.0
1988,Christine Lahti,Running on Empty,0.0,1.0,0.0,0.0,0.0,0.0,0.0,0.0
1988,Meryl Streep ,A Cry in the Dark,0.0,1.0,0.0,0.0,0.0,0.0,0.0,0.0
1989,Michelle Pfeiffer ,The Fabulous Baker Boys,1.0,1.0,0.0,0.0,0.0,0.0,0.0,0.0
1989,Sally Field,Steel Magnolias,0.0,1.0,0.0,0.0,0.0,0.0,0.0,0.0
1989,Jessica Lange ,Music Box,0.0,1.0,0.0,0.0,0.0,0.0,0.0,0.0
1989,Andie MacDowell,"Sex, Lies, and Videotape",0.0,1.0,0.0,0.0,1.0,1.0,0.0,0.0
1989,Liv Ullmann,The Rose Garden,0.0,1.0,0.0,0.0,0.0,0.0,0.0,0.0
1990,Kathy Bates ,Misery,1.0,1.0,0.0,0.0,0.0,0.0,0.0,0.0
1990,Anjelica Huston ,The Grifters,0.0,1.0,0.0,0.0,0.0,0.0,0.0,0.0
1990,Michelle Pfeiffer,The Russia House,0.0,1.0,0.0,0.0,0.0,0.0,0.0,0.0
1990,Susan Sarandon,White Palace,0.0,1.0,0.0,0.0,0.0,0.0,0.0,0.0
1990,Joanne Woodward ,Mr. & Mrs. Bridge,0.0,1.0,0.0,0.0,0.0,0.0,0.0,0.0
1991,Jodie Foster ,The Silence of the Lambs,1.0,1.0,0.0,0.0,0.0,0.0,0.0,0.0
1991,Annette Bening,Bugsy,0.0,1.0,0.0,0.0,0.0,0.0,0.0,0.0
1991,Geena Davis ,Thelma & Louise,0.0,1.0,0.0,0.0,0.0,0.0,0.0,0.0
1991,Laura Dern ,Rambling Rose,0.0,1.0,0.0,0.0,0.0,0.0,0.0,0.0
1991,Susan Sarandon ,Thelma & Louise,0.0,1.0,0.0,0.0,0.0,0.0,0.0,0.0
1992,Emma Thompson ,Howards End,1.0,1.0,0.0,0.0,0.0,0.0,0.0,0.0
1992,Mary McDonnell ,Passion Fish,0.0,1.0,0.0,0.0,0.0,0.0,0.0,0.0
1992,Michelle Pfeiffer ,Love Field,0.0,1.0,0.0,0.0,0.0,0.0,0.0,0.0
1992,Susan Sarandon ,Lorenzo's Oil,0.0,1.0,0.0,0.0,0.0,0.0,0.0,0.0
1992,Sharon Stone,Basic Instinct,0.0,1.0,0.0,0.0,0.0,0.0,0.0,0.0
1993,Holly Hunter ,The Piano,1.0,1.0,0.0,0.0,0.0,0.0,0.0,0.0
1993,Juliette Binoche,Three Colors: Blue,0.0,1.0,0.0,0.0,0.0,0.0,0.0,0.0
1993,Michelle Pfeiffer,The Age of Innocence,0.0,1.0,0.0,0.0,0.0,0.0,0.0,0.0
1993,Emma Thompson ,The Remains of the Day,0.0,1.0,0.0,0.0,0.0,0.0,0.0,0.0
1993,Debra Winger,A Dangerous Woman,0.0,1.0,0.0,0.0,0.0,0.0,0.0,0.0
1994,Jessica Lange ,Blue Sky,1.0,1.0,0.0,0.0,0.0,0.0,0.0,0.0
1994,Jodie Foster ,Nell,0.0,1.0,0.0,0.0,0.0,0.0,0.0,0.0
1994,Jennifer Jason Leigh,Mrs. Parker and the Vicious Circle,0.0,1.0,0.0,0.0,0.0,1.0,0.0,0.0
1994,Miranda Richardson ,Tom & Viv,0.0,1.0,0.0,0.0,0.0,0.0,0.0,0.0
1994,Meryl Streep,The River Wild,0.0,1.0,0.0,0.0,0.0,0.0,0.0,0.0
1995,Sharon Stone ,Casino,1.0,1.0,0.0,0.0,0.0,0.0,0.0,0.0
1995,Susan Sarandon ,Dead Man Walking,0.0,1.0,0.0,0.0,0.0,0.0,0.0,0.0
1995,Elisabeth Shue ,Leaving Las Vegas,0.0,1.0,0.0,0.0,0.0,0.0,0.0,0.0
1995,Meryl Streep ,The Bridges of Madison County,0.0,1.0,0.0,0.0,0.0,0.0,0.0,0.0
1995,Emma Thompson ,Sense and Sensibility,0.0,1.0,0.0,0.0,0.0,0.0,0.0,0.0
1996,Brenda Blethyn ,Secrets & Lies,1.0,1.0,0.0,0.0,0.0,0.0,0.0,0.0
1996,Courtney Love,The People vs. Larry Flynt,0.0,1.0,0.0,0.0,0.0,0.0,0.0,0.0
1996,Kristin Scott Thomas ,The English Patient,0.0,1.0,0.0,0.0,0.0,0.0,0.0,0.0
1996,Meryl Streep,Marvin's Room,0.0,1.0,0.0,0.0,0.0,0.0,0.0,0.0
1996,Emily Watson ,Breaking the Waves,0.0,1.0,0.0,0.0,0.0,0.0,0.0,0.0
1997,Judi Dench ,Mrs. Brown,1.0,1.0,0.0,0.0,0.0,0.0,0.0,0.0
1997,Helena Bonham Carter ,The Wings of the Dove,0.0,1.0,0.0,0.0,0.0,0.0,0.0,0.0
1997,Jodie Foster,Contact,0.0,1.0,0.0,0.0,0.0,0.0,0.0,0.0
1997,Jessica Lange,A Thousand Acres,0.0,1.0,0.0,0.0,0.0,0.0,0.0,0.0
1997,Kate Winslet ,Titanic,0.0,1.0,0.0,0.0,0.0,0.0,0.0,0.0
1998,Cate Blanchett ,Elizabeth,1.0,1.0,0.0,0.0,0.0,0.0,0.0,0.0
1998,Fernanda Montenegro ,Central Station,0.0,1.0,0.0,0.0,0.0,0.0,0.0,0.0
1998,Susan Sarandon,Stepmom,0.0,1.0,0.0,0.0,0.0,0.0,0.0,0.0
1998,Meryl Streep ,One True Thing,0.0,1.0,0.0,0.0,0.0,0.0,0.0,0.0
1998,Emily Watson ,Hilary and Jackie,0.0,1.0,0.0,0.0,0.0,0.0,0.0,0.0
1999,Hilary Swank ,Boys Don't Cry,1.0,1.0,0.0,0.0,0.0,0.0,0.0,0.0
1999,Annette Bening ,American Beauty,0.0,1.0,0.0,0.0,0.0,0.0,0.0,0.0
1999,Julianne Moore ,The End of the Affair,0.0,1.0,0.0,0.0,0.0,0.0,0.0,0.0
1999,Meryl Streep ,Music of the Heart,0.0,1.0,0.0,0.0,0.0,0.0,0.0,0.0
1999,Sigourney Weaver,A Map of the World,0.0,1.0,0.0,0.0,0.0,0.0,0.0,0.0
2000,Julia Roberts ,Erin Brockovich,1.0,1.0,0.0,0.0,0.0,0.0,0.0,0.0
2000,Joan Allen ,The Contender,0.0,1.0,0.0,0.0,0.0,0.0,0.0,0.0
2000,Björk,Dancer in the Dark,0.0,1.0,0.0,0.0,0.0,0.0,0.0,0.0
2000,Ellen Burstyn ,Requiem for a Dream,0.0,1.0,0.0,0.0,0.0,0.0,0.0,0.0
2000,Laura Linney ,You Can Count on Me,0.0,1.0,0.0,0.0,0.0,0.0,0.0,0.0
2001,Sissy Spacek ,In the Bedroom,1.0,1.0,0.0,0.0,0.0,0.0,0.0,0.0
2001,Halle Berry ,Monster's Ball,0.0,1.0,0.0,0.0,0.0,0.0,0.0,0.0
2001,Judi Dench ,Iris,0.0,1.0,0.0,0.0,0.0,0.0,0.0,0.0
2001,Nicole Kidman,The Others,0.0,1.0,0.0,1.0,0.0,0.0,0.0,0.0
2001,Tilda Swinton,The Deep End,0.0,1.0,0.0,0.0,0.0,1.0,0.0,0.0
2002,Nicole Kidman ,The Hours,1.0,1.0,0.0,0.0,0.0,0.0,0.0,0.0
2002,Salma Hayek ,Frida,0.0,1.0,0.0,0.0,0.0,0.0,0.0,0.0
2002,Diane Lane ,Unfaithful,0.0,1.0,0.0,0.0,0.0,0.0,0.0,0.0
2002,Julianne Moore ,Far from Heaven,0.0,1.0,0.0,0.0,0.0,0.0,0.0,0.0
2002,Meryl Streep,The Hours,0.0,1.0,0.0,1.0,0.0,0.0,0.0,0.0
2003,Charlize Theron ,Monster,1.0,1.0,0.0,0.0,0.0,0.0,0.0,0.0
2003,Cate Blanchett,Veronica Guerin,0.0,1.0,0.0,0.0,0.0,0.0,0.0,0.0
2003,Scarlett Johansson,Girl with a Pearl Earring,0.0,1.0,0.0,1.0,0.0,0.0,0.0,0.0
2003,Nicole Kidman,Cold Mountain,0.0,1.0,0.0,0.0,0.0,0.0,0.0,0.0
2003,Uma Thurman,Kill Bill: Volume 1,0.0,1.0,0.0,1.0,0.0,0.0,0.0,0.0
2003,Evan Rachel Wood,Thirteen,0.0,1.0,0.0,0.0,0.0,0.0,0.0,0.0
2004,Hilary Swank ,Million Dollar Baby,1.0,1.0,0.0,0.0,0.0,0.0,0.0,0.0
2004,Scarlett Johansson,A Love Song for Bobby Long,0.0,1.0,0.0,0.0,0.0,0.0,0.0,0.0
2004,Nicole Kidman,Birth,0.0,1.0,0.0,0.0,0.0,0.0,0.0,0.0
2004,Imelda Staunton ,Vera Drake,0.0,1.0,0.0,0.0,0.0,0.0,0.0,0.0
2004,Uma Thurman,Kill Bill: Volume 2,0.0,1.0,0.0,0.0,0.0,0.0,0.0,0.0
2005,Felicity Huffman ,Transamerica,1.0,1.0,0.0,0.0,0.0,0.0,0.0,0.0
2005,Maria Bello,A History of Violence,0.0,1.0,0.0,0.0,0.0,0.0,0.0,0.0
2005,Gwyneth Paltrow,Proof,0.0,1.0,0.0,0.0,0.0,0.0,0.0,0.0
2005,Charlize Theron ,North Country,0.0,1.0,0.0,0.0,0.0,0.0,0.0,0.0
2005,Ziyi Zhang,Memoirs of a Geisha,0.0,1.0,0.0,1.0,0.0,0.0,0.0,0.0
2006,Helen Mirren ,The Queen,1.0,1.0,0.0,0.0,0.0,0.0,0.0,0.0
2006,Penélope Cruz ,Volver,0.0,1.0,0.0,0.0,0.0,0.0,0.0,0.0
2006,Judi Dench ,Notes on a Scandal,0.0,1.0,0.0,0.0,0.0,0.0,0.0,0.0
2006,Maggie Gyllenhaal,Sherrybaby,0.0,1.0,0.0,0.0,0.0,0.0,0.0,0.0
2006,Kate Winslet ,Little Children,0.0,1.0,0.0,0.0,0.0,0.0,0.0,0.0
2007,Julie Christie ,Away from Her,1.0,1.0,0.0,0.0,0.0,0.0,0.0,0.0
2007,Cate Blanchett ,Elizabeth: The Golden Age,0.0,1.0,0.0,0.0,0.0,0.0,0.0,0.0
2007,Jodie Foster,The Brave One,0.0,1.0,0.0,0.0,0.0,0.0,0.0,0.0
2007,Angelina Jolie,A Mighty Heart,0.0,1.0,0.0,0.0,0.0,1.0,0.0,0.0
2007,Keira Knightley,Atonement,0.0,1.0,0.0,1.0,0.0,0.0,0.0,0.0
2008,Kate Winslet ,Revolutionary Road,1.0,1.0,0.0,0.0,0.0,0.0,0.0,0.0
2008,Anne Hathaway ,Rachel Getting Married,0.0,1.0,0.0,0.0,0.0,0.0,0.0,0.0
2008,Angelina Jolie ,Changeling,0.0,1.0,0.0,0.0,0.0,0.0,0.0,0.0
2008,Kristin Scott Thomas,I've Loved You So Long,0.0,1.0,0.0,1.0,0.0,0.0,0.0,0.0
2008,Meryl Streep ,Doubt,0.0,1.0,0.0,0.0,0.0,0.0,0.0,0.0
2009,Sandra Bullock ,The Blind Side,1.0,1.0,0.0,0.0,0.0,0.0,0.0,0.0
2009,Emily Blunt,The Young Victoria,0.0,1.0,0.0,0.0,0.0,0.0,0.0,0.0
2009,Helen Mirren ,The Last Station,0.0,1.0,0.0,0.0,0.0,0.0,0.0,0.0
2009,Carey Mulligan ,An Education,0.0,1.0,0.0,0.0,0.0,0.0,0.0,0.0
2009,Gabourey Sidibe ,Precious,0.0,1.0,0.0,0.0,0.0,0.0,0.0,0.0
2010,Natalie Portman ,Black Swan,1.0,1.0,0.0,0.0,0.0,0.0,0.0,0.0
2010,Halle Berry,Frankie and Alice,0.0,1.0,0.0,0.0,0.0,0.0,0.0,0.0
2010,Nicole Kidman ,Rabbit Hole,0.0,1.0,0.0,0.0,0.0,0.0,0.0,0.0
2010,Jennifer Lawrence ,Winter's Bone,0.0,1.0,0.0,0.0,0.0,0.0,0.0,0.0
2010,Michelle Williams ,Blue Valentine,0.0,1.0,0.0,0.0,0.0,0.0,0.0,0.0
2011,Meryl Streep ,The Iron Lady,1.0,1.0,0.0,0.0,0.0,0.0,0.0,0.0
2011,Glenn Close ,Albert Nobbs,0.0,1.0,0.0,0.0,0.0,0.0,0.0,0.0
2011,Viola Davis ,The Help,0.0,1.0,0.0,0.0,0.0,0.0,0.0,0.0
2011,Rooney Mara ,The Girl with the Dragon Tattoo,0.0,1.0,0.0,0.0,0.0,0.0,0.0,0.0
2011,Tilda Swinton,We Need to Talk About Kevin,0.0,1.0,0.0,1.0,0.0,0.0,0.0,0.0
2012,Jessica Chastain ,Zero Dark Thirty,1.0,1.0,0.0,0.0,0.0,0.0,0.0,0.0
2012,Marion Cotillard,Rust and Bone,0.0,1.0,0.0,1.0,0.0,0.0,0.0,0.0
2012,Helen Mirren,Hitchcock,0.0,1.0,0.0,1.0,0.0,0.0,0.0,0.0
2012,Naomi Watts ,The Impossible,0.0,1.0,0.0,0.0,0.0,0.0,0.0,0.0
2012,Rachel Weisz,The Deep Blue Sea,0.0,1.0,0.0,0.0,0.0,0.0,0.0,0.0
2013,Cate Blanchett ,Blue Jasmine,1.0,1.0,0.0,0.0,0.0,0.0,0.0,0.0
2013,Sandra Bullock ,Gravity,0.0,1.0,0.0,0.0,0.0,0.0,0.0,0.0
2013,Judi Dench ,Philomena,0.0,1.0,0.0,0.0,0.0,0.0,0.0,0.0
2013,Emma Thompson,Saving Mr. Banks,0.0,1.0,0.0,1.0,0.0,0.0,0.0,0.0
2013,Kate Winslet,Labor Day,0.0,1.0,0.0,0.0,0.0,0.0,0.0,0.0
2014,Julianne Moore ,Still Alice,1.0,1.0,0.0,0.0,0.0,0.0,0.0,0.0
2014,Jennifer Aniston,Cake,0.0,1.0,0.0,0.0,0.0,0.0,0.0,0.0
2014,Felicity Jones ,The Theory of Everything,0.0,1.0,0.0,0.0,0.0,0.0,0.0,0.0
2014,Rosamund Pike ,Gone Girl,0.0,1.0,0.0,0.0,0.0,0.0,0.0,0.0
2014,Reese Witherspoon ,Wild,0.0,1.0,0.0,0.0,0.0,0.0,0.0,0.0
2015,Brie Larson ,Room,1.0,1.0,0.0,0.0,0.0,0.0,0.0,0.0
2015,Cate Blanchett ,Carol,0.0,1.0,0.0,0.0,0.0,0.0,0.0,0.0
2015,Rooney Mara ,Carol,0.0,1.0,0.0,0.0,0.0,0.0,0.0,0.0
2015,Saoirse Ronan ,Brooklyn,0.0,1.0,0.0,0.0,0.0,0.0,0.0,0.0
2015,Alicia Vikander ,The Danish Girl,0.0,1.0,0.0,0.0,0.0,0.0,0.0,0.0
2016,Isabelle Huppert ,Elle,1.0,1.0,0.0,0.0,0.0,0.0,0.0,0.0
2016,Amy Adams,Arrival,0.0,1.0,0.0,1.0,0.0,0.0,0.0,0.0
2016,Jessica Chastain,Miss Sloane,0.0,1.0,0.0,0.0,0.0,0.0,0.0,0.0
2016,Ruth Negga ,Loving,0.0,1.0,0.0,0.0,0.0,0.0,0.0,0.0
2016,Natalie Portman ,Jackie,0.0,1.0,0.0,0.0,0.0,0.0,0.0,0.0
1943,Jennifer Jones ,The Song of Bernadette,1.0,1.0,0.0,0.0,0.0,0.0,0.0,0.0
1944,Ingrid Bergman ,Gaslight,1.0,1.0,0.0,0.0,0.0,0.0,0.0,0.0
1945,Ingrid Bergman ,The Bells of St. Mary's,1.0,1.0,0.0,0.0,0.0,0.0,0.0,0.0
1946,Rosalind Russell ,Sister Kenny,1.0,1.0,0.0,0.0,0.0,0.0,0.0,0.0
1947,Rosalind Russell ,Mourning Becomes Electra,1.0,1.0,0.0,0.0,0.0,0.0,0.0,0.0
1948,Jane Wyman ,Johnny Belinda,1.0,1.0,0.0,0.0,0.0,0.0,0.0,0.0
1949,Olivia de Havilland ,The Heiress,1.0,1.0,0.0,0.0,0.0,0.0,0.0,0.0
1960,Rachel Roberts,Saturday Night and Sunday Morning,0.0,0.0,1.0,1.0,0.0,0.0,0.0,0.0
1960,Hayley Mills,Pollyanna,0.0,0.0,0.0,1.0,0.0,0.0,0.0,0.0
1960,Wendy Hiller,Sons and Lovers,0.0,0.0,0.0,1.0,0.0,0.0,0.0,0.0
1961,Dora Bryan,A Taste of Honey,0.0,0.0,0.0,1.0,0.0,0.0,0.0,0.0
1961,Deborah Kerr,The Sundowners,0.0,0.0,0.0,1.0,0.0,0.0,0.0,0.0
1961,Hayley Mills,Whistle Down the Wind,0.0,0.0,0.0,1.0,0.0,0.0,0.0,0.0
1962,Leslie Caron,The L-Shaped Room,0.0,0.0,0.0,1.0,0.0,0.0,0.0,0.0
1962,Virginia Maskell,The Wild and the Willing,0.0,0.0,0.0,1.0,0.0,0.0,0.0,0.0
1962,Janet Munro,Life for Ruth,0.0,0.0,0.0,1.0,0.0,0.0,0.0,0.0
1963,Rachel Roberts,This Sporting Life,0.0,0.0,1.0,1.0,0.0,0.0,0.0,0.0
1963,Julie Christie,Billy Liar,0.0,0.0,0.0,1.0,0.0,0.0,0.0,0.0
1963,Edith Evans,Tom Jones,0.0,0.0,0.0,1.0,0.0,0.0,0.0,0.0
1963,Sarah Miles,The Servant,0.0,0.0,0.0,1.0,0.0,0.0,0.0,0.0
1963,Barbara Windsor,Sparrers Can't Sing,0.0,0.0,0.0,1.0,0.0,0.0,0.0,0.0
1964,Audrey Hepburn,Charade,0.0,0.0,0.0,1.0,0.0,0.0,0.0,0.0
1964,Rita Tushingham,Girl with Green Eyes,0.0,0.0,0.0,1.0,0.0,0.0,0.0,0.0
1965,Julie Christie,Darling,0.0,0.0,0.0,1.0,0.0,0.0,0.0,0.0
1965,Julie Andrews,The Americanization of Emily,0.0,0.0,1.0,1.0,0.0,0.0,0.0,0.0
1965,Maggie Smith,Young Cassidy,0.0,0.0,0.0,1.0,0.0,0.0,0.0,0.0
1965,Rita Tushingham,The Knack...and How to Get It,0.0,0.0,0.0,1.0,0.0,0.0,0.0,0.0
1966,Elizabeth Taylor,Who's Afraid of Virginia Woolf,0.0,0.0,0.0,1.0,0.0,0.0,0.0,0.0
1966,Julie Christie,Doctor Zhivago,0.0,0.0,0.0,1.0,0.0,0.0,0.0,0.0
1966,Lynn Redgrave,Georgy Girl,0.0,0.0,0.0,1.0,0.0,0.0,0.0,0.0
1966,Vanessa Redgrave,Morgan: A Suitable Case for Treatment,0.0,0.0,0.0,1.0,0.0,0.0,0.0,0.0
1967,Edith Evans,The Whisperers,0.0,0.0,0.0,1.0,0.0,0.0,0.0,0.0
1967,Barbara Jefford,Ulysses,0.0,0.0,0.0,1.0,0.0,0.0,0.0,0.0
1967,Elizabeth Taylor,The Taming of the Shrew,0.0,0.0,0.0,1.0,0.0,0.0,0.0,0.0
1960,Shirley MacLaine,The Apartment,0.0,0.0,1.0,1.0,0.0,0.0,0.0,0.0
1960,Pier Angeli,The Angry Silence,0.0,0.0,0.0,1.0,0.0,0.0,0.0,0.0
1960,Melina Mercouri,Never on Sunday,0.0,0.0,0.0,1.0,0.0,0.0,0.0,0.0
1960,Emmanuelle Riva,Hiroshima mon amour,0.0,0.0,0.0,1.0,0.0,0.0,0.0,0.0
1960,Monica Vitti,The Adventure,0.0,0.0,0.0,1.0,0.0,0.0,0.0,0.0
1961,Sophia Loren,Two Women,0.0,0.0,0.0,1.0,0.0,0.0,0.0,0.0
1961,Annie Girardot,Rocco and His Brothers,0.0,0.0,0.0,1.0,0.0,0.0,0.0,0.0
1961,Piper Laurie,The Hustler,0.0,0.0,1.0,1.0,0.0,0.0,0.0,0.0
1961,Jean Seberg,Breathless,0.0,0.0,0.0,1.0,0.0,0.0,0.0,0.0
1962,Anne Bancroft,The Miracle Worker,0.0,0.0,0.0,1.0,0.0,0.0,0.0,0.0
1962,Harriet Andersson,Through a Glass Darkly,0.0,0.0,0.0,1.0,0.0,0.0,0.0,0.0
1962,Anouk Aime,Lola,0.0,0.0,0.0,1.0,0.0,0.0,0.0,0.0
1962,Jeanne Moreau,Jules and Jim,0.0,0.0,0.0,1.0,0.0,0.0,0.0,0.0
1962,Geraldine Page,Sweet Bird of Yout,0.0,0.0,0.0,1.0,0.0,0.0,0.0,0.0
1962,Natalie Wood,Splendor in the Grass,0.0,0.0,0.0,1.0,0.0,0.0,0.0,0.0
1963,Patricia Neal,Hud,0.0,0.0,0.0,1.0,0.0,0.0,0.0,0.0
1963,Lee Remick,Days of Wine and Roses,0.0,0.0,0.0,1.0,0.0,0.0,0.0,0.0
1963,Daniela Rocca,Divorce Italian Style,0.0,0.0,0.0,1.0,0.0,0.0,0.0,0.0
1964,Anne Bancroft,The Pumpkin Eater,0.0,0.0,0.0,1.0,0.0,0.0,0.0,0.0
1964,Kim Stanley,Sance on a Wet Afternoon,0.0,0.0,1.0,1.0,0.0,0.0,0.0,0.0
1964,Shirley MacLaine,Irma la Douce,0.0,0.0,0.0,1.0,0.0,0.0,0.0,0.0
1965,Patricia Neal,In Harm's Way,0.0,0.0,0.0,1.0,0.0,0.0,0.0,0.0
1965,Jane Fonda,Cat Ballou,0.0,0.0,0.0,1.0,0.0,0.0,0.0,0.0
1965,Lila Kedrova,Zorba the Greek,0.0,0.0,0.0,1.0,0.0,0.0,0.0,0.0
1965,Simone Signoret,Ship of Fools,0.0,0.0,0.0,1.0,0.0,0.0,0.0,0.0
1966,Jeanne Moreau,Viva Maria!,0.0,0.0,0.0,1.0,0.0,0.0,0.0,0.0
1966,Brigitte Bardot,Viva Maria!,0.0,0.0,1.0,1.0,0.0,0.0,0.0,0.0
1966,Joan Hackett,The Group,0.0,0.0,0.0,1.0,0.0,0.0,0.0,0.0
1966,Simone Signoret,The Sleeping Car Murders,0.0,0.0,0.0,1.0,0.0,0.0,0.0,0.0
1967,Anouk Aime,A Man and a Woman,0.0,0.0,0.0,1.0,0.0,0.0,0.0,0.0
1967,Bibi Andersson,Persona,0.0,0.0,0.0,1.0,0.0,0.0,0.0,0.0
1967,Jane Fonda,Barefoot in the Park,0.0,0.0,0.0,1.0,0.0,0.0,0.0,0.0
1967,Simone Signoret,The Deadly Affair,0.0,0.0,0.0,1.0,0.0,0.0,0.0,0.0
1968,Katharine Hepburn,The Lion in Winter,0.0,0.0,1.0,1.0,0.0,0.0,0.0,0.0
1968,Anne Bancroft,The Graduate,0.0,0.0,0.0,1.0,0.0,0.0,0.0,0.0
1968,Catherine Deneuve,Beauty of the Day,0.0,0.0,0.0,1.0,0.0,0.0,0.0,0.0
1968,Joanne Woodward,"Rachel, Rachel",0.0,0.0,0.0,1.0,0.0,0.0,0.0,0.0
1969,Maggie Smith,The Prime of Miss Jean Brodie,0.0,0.0,1.0,1.0,0.0,0.0,0.0,0.0
1969,Mia Farrow,Secret Ceremony,0.0,0.0,0.0,1.0,0.0,0.0,0.0,0.0
1969,Glenda Jackson,Women in Love,0.0,0.0,0.0,1.0,0.0,0.0,0.0,0.0
1969,Barbra Streisand,Funny Girl,0.0,0.0,0.0,1.0,0.0,0.0,0.0,0.0
1970,Katharine Ross,Butch Cassidy and the Sundance Kid,0.0,0.0,1.0,1.0,0.0,0.0,0.0,0.0
1970,Jane Fonda,"They Shoot Horses, Don't They?",0.0,0.0,0.0,1.0,0.0,0.0,0.0,0.0
1970,Goldie Hawn,Cactus Flower,0.0,0.0,0.0,1.0,0.0,0.0,0.0,0.0
1970,Sarah Miles,Ryan's Daughter,0.0,0.0,0.0,1.0,0.0,0.0,0.0,0.0
1971,Glenda Jackson,Sunday Bloody Sunday,0.0,0.0,1.0,1.0,0.0,0.0,0.0,0.0
1971,Lynn Carlin,Taking Off,0.0,0.0,0.0,1.0,0.0,0.0,0.0,0.0
1971,Julie Christie,The Go-Between,0.0,0.0,0.0,1.0,0.0,0.0,0.0,0.0
1971,Jane Fonda,Klute,0.0,0.0,0.0,1.0,0.0,0.0,0.0,0.0
1971,Nanette Newman,The Raging Moon,0.0,0.0,0.0,1.0,0.0,0.0,0.0,0.0
1972,Liza Minnelli,Cabaret,0.0,0.0,1.0,1.0,0.0,0.0,0.0,0.0
1972,Stphane Audran,The Butcher,0.0,0.0,0.0,1.0,0.0,0.0,0.0,0.0
1972,Anne Bancroft,Young Winston,0.0,0.0,0.0,1.0,0.0,0.0,0.0,0.0
1972,Dorothy Tutin,Savage Messiah,0.0,0.0,0.0,1.0,0.0,0.0,0.0,0.0
1973,Stphane Audran,Just Before Nightfall,0.0,0.0,1.0,1.0,0.0,0.0,0.0,0.0
1973,Julie Christie,Don't Look Now,0.0,0.0,0.0,1.0,0.0,0.0,0.0,0.0
1973,Glenda Jackson,A Touch of Class,0.0,0.0,0.0,1.0,0.0,0.0,0.0,0.0
1973,Diana Ross,Lady Sings the Blues,0.0,0.0,0.0,1.0,0.0,0.0,0.0,0.0
1974,Joanne Woodward,"Summer Wishes, Winter Dreams",0.0,0.0,1.0,1.0,0.0,0.0,0.0,0.0
1974,Faye Dunaway,Chinatown,0.0,0.0,0.0,1.0,0.0,0.0,0.0,0.0
1974,Barbra Streisand,The Way We Were,0.0,0.0,0.0,1.0,0.0,0.0,0.0,0.0
1974,Cicely Tyson,The Autobiography of Miss Jane Pittman,0.0,0.0,0.0,1.0,0.0,0.0,0.0,0.0
1975,Ellen Burstyn,Alice Doesn't Live Here Anymore,0.0,0.0,1.0,1.0,0.0,0.0,0.0,0.0
1975,Anne Bancroft,The Prisoner of Second Avenue,0.0,0.0,0.0,1.0,0.0,0.0,0.0,0.0
1975,Valerie Perrine,Lenny,0.0,0.0,0.0,1.0,0.0,0.0,0.0,0.0
1975,Liv Ullmann,Scenes from a Marriage,0.0,0.0,0.0,1.0,0.0,0.0,0.0,0.0
1976,Louise Fletcher,One Flew Over the Cuckoo's Nest,0.0,0.0,1.0,1.0,0.0,0.0,0.0,0.0
1976,Lauren Bacall,The Shootist,0.0,0.0,0.0,1.0,0.0,0.0,0.0,0.0
1976,Rita Moreno,The Ritz,0.0,0.0,0.0,1.0,0.0,0.0,0.0,0.0
1976,Liv Ullmann,Face to Face,0.0,0.0,0.0,1.0,0.0,0.0,0.0,0.0
1977,Diane Keaton,Annie Hall,0.0,0.0,1.0,1.0,0.0,0.0,0.0,0.0
1977,Faye Dunaway,Network,0.0,0.0,0.0,1.0,0.0,0.0,0.0,0.0
1977,Shelley Duvall,3 Women,0.0,0.0,0.0,1.0,0.0,0.0,0.0,0.0
1977,Lily Tomlin,The Late Show,0.0,0.0,0.0,1.0,0.0,0.0,0.0,0.0
1978,Jane Fonda,Julia,0.0,0.0,1.0,1.0,0.0,0.0,0.0,0.0
1978,Anne Bancroft,The Turning Point,0.0,0.0,0.0,1.0,0.0,0.0,0.0,0.0
1978,Jill Clayburgh,An Unmarried Woman,0.0,0.0,0.0,1.0,0.0,0.0,0.0,0.0
1978,Marsha Mason,The Goodbye Girl,0.0,0.0,0.0,1.0,0.0,0.0,0.0,0.0
1979,Jane Fonda,The China Syndrome,0.0,0.0,1.0,1.0,0.0,0.0,0.0,0.0
1979,Diane Keaton,Manhattan,0.0,0.0,0.0,1.0,0.0,0.0,0.0,0.0
1979,Maggie Smith,California Suite,0.0,0.0,0.0,1.0,0.0,0.0,0.0,0.0
1979,Meryl Streep,The Deer Hunter,0.0,0.0,0.0,1.0,0.0,0.0,0.0,0.0
1980,Judy Davis,My Brilliant Career,0.0,0.0,1.0,1.0,0.0,0.0,0.0,0.0
1980,Shirley MacLaine,Being There,0.0,0.0,0.0,1.0,0.0,0.0,0.0,0.0
1980,Bette Midler,The Rose,0.0,0.0,0.0,1.0,0.0,0.0,0.0,0.0
1980,Meryl Streep,Kramer vs. Kramer,0.0,0.0,0.0,1.0,0.0,0.0,0.0,0.0
1981,Meryl Streep,The French Lieutenant's Woman,0.0,0.0,1.0,1.0,0.0,0.0,0.0,0.0
1981,Mary Tyler Moore,Ordinary People,0.0,0.0,0.0,1.0,0.0,0.0,0.0,0.0
1981,Maggie Smith,Quartet,0.0,0.0,0.0,1.0,0.0,0.0,0.0,0.0
1981,Sissy Spacek,Coal Miner's Daughter,0.0,0.0,0.0,1.0,0.0,0.0,0.0,0.0
1982,Katharine Hepburn,On Golden Pond,0.0,0.0,1.0,1.0,0.0,0.0,0.0,0.0
1982,Diane Keaton,Reds,0.0,0.0,0.0,1.0,0.0,0.0,0.0,0.0
1982,Jennifer Kendal,36 Chowringhee Lane,0.0,0.0,0.0,1.0,0.0,0.0,0.0,0.0
1982,Sissy Spacek,Missing,0.0,0.0,0.0,1.0,0.0,0.0,0.0,0.0
1983,Julie Walters,Educating Rita,0.0,0.0,1.0,1.0,0.0,0.0,0.0,0.0
1983,Jessica Lange,Tootsie,0.0,0.0,0.0,1.0,0.0,0.0,0.0,0.0
1983,Phyllis Logan,"Another Time, Another Place",0.0,0.0,0.0,1.0,0.0,0.0,0.0,0.0
1983,Meryl Streep,Sophie's Choice,0.0,0.0,0.0,1.0,0.0,0.0,0.0,0.0
1984,Maggie Smith,A Private Function,0.0,0.0,1.0,1.0,0.0,0.0,0.0,0.0
1984,Shirley MacLaine,Terms of Endearment,0.0,0.0,0.0,1.0,0.0,0.0,0.0,0.0
1984,Helen Mirren,Cal,0.0,0.0,0.0,1.0,0.0,0.0,0.0,0.0
1984,Meryl Streep,Silkwood,0.0,0.0,0.0,1.0,0.0,0.0,0.0,0.0
1985,Peggy Ashcroft,A Passage to India,0.0,0.0,1.0,1.0,0.0,0.0,0.0,0.0
1985,Mia Farrow,The Purple Rose of Cairo,0.0,0.0,0.0,1.0,0.0,0.0,0.0,0.0
1985,Kelly McGillis,Witness,0.0,0.0,0.0,1.0,0.0,0.0,0.0,0.0
1985,Alexandra Pigg,Letter to Brezhnev,0.0,0.0,0.0,1.0,0.0,0.0,0.0,0.0
1986,Maggie Smith,A Room with a View,0.0,0.0,1.0,1.0,0.0,0.0,0.0,0.0
1986,Mia Farrow,Hannah and Her Sisters,0.0,0.0,0.0,1.0,0.0,0.0,0.0,0.0
1986,Meryl Streep,Out of Africa,0.0,0.0,0.0,1.0,0.0,0.0,0.0,0.0
1986,Cathy Tyson,Mona Lisa,0.0,0.0,0.0,1.0,0.0,0.0,0.0,0.0
1987,Anne Bancroft,84 Charing Cross Road,0.0,0.0,1.0,1.0,0.0,0.0,0.0,0.0
1987,Emily Lloyd,Wish You Were Here,0.0,0.0,0.0,1.0,0.0,0.0,0.0,0.0
1987,Sarah Miles,Hope and Glory,0.0,0.0,0.0,1.0,0.0,0.0,0.0,0.0
1987,Julie Walters,Personal Services,0.0,0.0,0.0,1.0,0.0,0.0,0.0,0.0
1988,Maggie Smith,The Lonely Passion of Judith Hearne,0.0,0.0,1.0,1.0,0.0,0.0,0.0,0.0
1988,Stphane Audran,Babette's Feast,0.0,0.0,0.0,1.0,0.0,0.0,0.0,0.0
1988,Cher,Moonstruck,0.0,0.0,0.0,1.0,0.0,0.0,0.0,0.0
1988,Jamie Lee Curtis,A Fish Called Wanda,0.0,0.0,0.0,1.0,0.0,0.0,0.0,0.0
1989,Pauline Collins,Shirley Valentine,0.0,0.0,1.0,1.0,0.0,0.0,0.0,0.0
1989,Glenn Close,Dangerous Liaisons,0.0,0.0,0.0,1.0,0.0,0.0,0.0,0.0
1989,Jodie Foster,The Accused,0.0,0.0,0.0,1.0,0.0,0.0,0.0,0.0
1989,Melanie Griffith,Working Girl,0.0,0.0,0.0,1.0,0.0,0.0,0.0,0.0
1990,Jessica Tandy,Driving Miss Daisy,0.0,0.0,1.0,1.0,0.0,0.0,0.0,0.0
1990,Shirley MacLaine,Postcards from the Edge,0.0,0.0,0.0,1.0,0.0,0.0,0.0,0.0
1990,Michelle Pfeiffer,The Fabulous Baker Boys,0.0,0.0,0.0,1.0,0.0,0.0,0.0,0.0
1990,Julia Roberts,Pretty Woman,0.0,0.0,0.0,1.0,0.0,0.0,0.0,0.0
1991,Jodie Foster,The Silence of the Lambs,0.0,0.0,1.0,1.0,0.0,0.0,0.0,0.0
1991,Juliet Stevenson,"Truly, Madly, Deeply",0.0,0.0,0.0,1.0,0.0,0.0,0.0,0.0
1992,Emma Thompson,Howards End,0.0,0.0,1.0,1.0,0.0,0.0,0.0,0.0
1992,Judy Davis,Husbands and Wives,0.0,0.0,0.0,1.0,0.0,0.0,0.0,0.0
1992,Tara Morice,Strictly Ballroom,0.0,0.0,0.0,1.0,0.0,0.0,0.0,0.0
1992,Jessica Tandy,Fried Green Tomatoes,0.0,0.0,0.0,1.0,0.0,0.0,0.0,0.0
1993,Holly Hunter,The Piano,0.0,0.0,1.0,1.0,0.0,0.0,0.0,0.0
1993,Miranda Richardson,Tom and Viv,0.0,0.0,0.0,1.0,0.0,0.0,0.0,0.0
1993,Emma Thompson,The Remains of the Day,0.0,0.0,0.0,1.0,0.0,0.0,0.0,0.0
1993,Debra Winger,Shadowlands,0.0,0.0,0.0,1.0,0.0,0.0,0.0,0.0
1994,Susan Sarandon,The Client,0.0,0.0,1.0,1.0,0.0,0.0,0.0,0.0
1994,Linda Fiorentino,The Last Seduction,0.0,0.0,0.0,1.0,1.0,1.0,0.0,0.0
1994,Irne Jacob,Three Colours: Red (Trois couleurs: Rouge),0.0,0.0,0.0,1.0,0.0,0.0,0.0,0.0
1994,Uma Thurman,Pulp Fiction,0.0,0.0,0.0,1.0,0.0,0.0,0.0,0.0
1995,Emma Thompson,Sense and Sensibility,0.0,0.0,1.0,1.0,0.0,0.0,0.0,0.0
1995,Nicole Kidman,To Die For,0.0,0.0,0.0,1.0,0.0,0.0,0.0,0.0
1995,Helen Mirren,The Madness of King George,0.0,0.0,0.0,1.0,0.0,0.0,0.0,0.0
1995,Elisabeth Shue,Leaving Las Vegas,0.0,0.0,0.0,1.0,1.0,1.0,0.0,0.0
1996,Brenda Blethyn,Secrets and Lies,0.0,0.0,1.0,1.0,0.0,0.0,0.0,0.0
1996,Frances McDormand,Fargo,0.0,0.0,0.0,1.0,1.0,1.0,0.0,0.0
1996,Kristin Scott Thomas,The English Patient,0.0,0.0,0.0,1.0,0.0,0.0,0.0,0.0
1996,Emily Watson,Breaking the Waves,0.0,0.0,0.0,1.0,0.0,0.0,0.0,0.0
1997,Judi Dench,Mrs Brown,0.0,0.0,1.0,1.0,0.0,0.0,0.0,0.0
1997,Kim Basinger,L.A. Confidential,0.0,0.0,0.0,1.0,0.0,0.0,0.0,0.0
1997,Helena Bonham Carter,The Wings of the Dove,0.0,0.0,0.0,1.0,0.0,0.0,0.0,0.0
1997,Kathy Burke,Nil by Mouth,0.0,0.0,0.0,1.0,0.0,0.0,0.0,0.0
1998,Cate Blanchett,Elizabeth,0.0,0.0,1.0,1.0,0.0,0.0,0.0,0.0
1998,Jane Horrocks,Little Voice,0.0,0.0,0.0,1.0,0.0,0.0,0.0,0.0
1998,Gwyneth Paltrow,Shakespeare in Love,0.0,0.0,0.0,1.0,0.0,0.0,0.0,0.0
1998,Emily Watson,Hilary and Jackie,0.0,0.0,0.0,1.0,0.0,0.0,0.0,0.0
1999,Annette Bening,American Beauty,0.0,0.0,1.0,1.0,0.0,0.0,0.0,0.0
1999,Linda Bassett,East is East,0.0,0.0,0.0,1.0,0.0,0.0,0.0,0.0
1999,Julianne Moore,The End of the Affair,0.0,0.0,0.0,1.0,0.0,0.0,0.0,0.0
1999,Emily Watson,Angela's Ashes,0.0,0.0,0.0,1.0,0.0,0.0,0.0,0.0
2000,Julia Roberts,Erin Brockovich,0.0,0.0,1.0,1.0,0.0,0.0,0.0,0.0
2000,Juliette Binoche,Chocolat,0.0,0.0,0.0,1.0,0.0,0.0,0.0,0.0
2000,Kate Hudson,Almost Famous,0.0,0.0,0.0,1.0,0.0,0.0,0.0,0.0
2000,Hilary Swank,Boys Don't Cry,0.0,0.0,0.0,1.0,0.0,0.0,0.0,0.0
2000,Michelle Yeoh,"Crouching Tiger, Hidden Dragon",0.0,0.0,0.0,1.0,0.0,0.0,0.0,0.0
2001,Judi Dench,Iris,0.0,0.0,1.0,1.0,0.0,0.0,0.0,0.0
2001,Sissy Spacek,In the Bedroom,0.0,0.0,0.0,1.0,1.0,1.0,0.0,0.0
2001,Audrey Tautou,Amlie,0.0,0.0,0.0,1.0,0.0,0.0,0.0,0.0
2001,Rene Zellweger,Bridget Jones's Diary,0.0,0.0,0.0,1.0,0.0,0.0,0.0,0.0
2002,Nicole Kidman,The Hours,0.0,0.0,1.0,1.0,0.0,0.0,0.0,0.0
2002,Halle Berry,Monster's Ball,0.0,0.0,0.0,1.0,0.0,0.0,0.0,0.0
2002,Salma Hayek,Frida,0.0,0.0,0.0,1.0,0.0,0.0,0.0,0.0
2002,Rene Zellweger,Chicago,0.0,0.0,0.0,1.0,0.0,0.0,0.0,0.0
2003,Scarlett Johansson,Lost in Translation,0.0,0.0,1.0,1.0,0.0,0.0,0.0,0.0
2003,Anne Reid,The Mother,0.0,0.0,0.0,1.0,0.0,0.0,0.0,0.0
2003,Naomi Watts,21 Grams,0.0,0.0,0.0,1.0,0.0,0.0,0.0,0.0
2004,Imelda Staunton,Vera Drake,0.0,0.0,1.0,1.0,0.0,0.0,0.0,0.0
2004,Charlize Theron,Monster,0.0,0.0,0.0,1.0,0.0,0.0,0.0,0.0
2004,Finding Neverland,Sylvia Llewelyn Davies,0.0,0.0,0.0,1.0,0.0,0.0,0.0,0.0
2004,Ziyi Zhang,House of Flying Daggers,0.0,0.0,0.0,1.0,0.0,0.0,0.0,0.0
2005,Reese Witherspoon,Walk the Line,0.0,0.0,1.0,1.0,0.0,0.0,0.0,0.0
2005,Judi Dench,Mrs Henderson Presents,0.0,0.0,0.0,1.0,0.0,0.0,0.0,0.0
2005,Charlize Theron,North Country,0.0,0.0,0.0,1.0,0.0,0.0,0.0,0.0
2005,Rachel Weisz,The Constant Gardener,0.0,0.0,0.0,1.0,0.0,0.0,0.0,0.0
2006,Helen Mirren,The Queen,0.0,0.0,1.0,1.0,0.0,0.0,0.0,0.0
2006,Penlope Cruz,Volver,0.0,0.0,0.0,1.0,0.0,0.0,0.0,0.0
2006,Judi Dench,Notes on a Scandal,0.0,0.0,0.0,1.0,0.0,0.0,0.0,0.0
2006,Meryl Streep,The Devil Wears Prada,0.0,0.0,0.0,1.0,0.0,0.0,0.0,0.0
2006,Kate Winslet,Little Children,0.0,0.0,0.0,1.0,0.0,0.0,0.0,0.0
2007,Marion Cotillard,La Vie en Rose,0.0,0.0,1.0,1.0,0.0,0.0,0.0,0.0
2007,Cate Blanchett,Elizabeth: The Golden Age,0.0,0.0,0.0,1.0,0.0,0.0,0.0,0.0
2007,Julie Christie,Away from Her,0.0,0.0,0.0,1.0,0.0,0.0,0.0,0.0
2007,Ellen Page,Juno,0.0,0.0,0.0,1.0,1.0,1.0,0.0,0.0
2008,Kate Winslet,The Reader,0.0,0.0,1.0,1.0,0.0,0.0,0.0,0.0
2008,Angelina Jolie,Changeling,0.0,0.0,0.0,1.0,0.0,0.0,0.0,0.0
2008,Meryl Streep,Doubt,0.0,0.0,0.0,1.0,0.0,0.0,0.0,0.0
2008,Kate Winslet,Revolutionary Road,0.0,0.0,0.0,1.0,0.0,0.0,0.0,0.0
2009,Carey Mulligan,An Education,0.0,0.0,1.0,1.0,0.0,0.0,0.0,0.0
2009,Saoirse Ronan,The Lovely Bones,0.0,0.0,0.0,1.0,0.0,0.0,0.0,0.0
2009,Gabourey Sidibe,Precious,0.0,0.0,0.0,1.0,1.0,1.0,0.0,0.0
2009,Meryl Streep,Julie and Julia,0.0,0.0,0.0,1.0,0.0,0.0,0.0,0.0
2009,Audrey Tautou,Coco Before Chanel,0.0,0.0,0.0,1.0,0.0,0.0,0.0,0.0
2010,Natalie Portman,Black Swan,0.0,0.0,1.0,1.0,1.0,1.0,0.0,0.0
2010,Noomi Rapace,The Girl with the Dragon Tattoo,0.0,0.0,0.0,1.0,0.0,0.0,0.0,0.0
2010,Hailee Steinfeld,True Grit,0.0,0.0,0.0,1.0,0.0,0.0,0.0,0.0
2011,Meryl Streep,The Iron Lady,0.0,0.0,1.0,1.0,0.0,0.0,0.0,0.0
2011,Brnice Bejo,The Artist,0.0,0.0,0.0,1.0,0.0,0.0,0.0,0.0
2011,Viola Davis,The Help,0.0,0.0,0.0,1.0,0.0,0.0,0.0,0.0
2011,Michelle Williams,My Week with Marilyn,0.0,0.0,0.0,1.0,1.0,1.0,0.0,0.0
2012,Emmanuelle Riva,Amour,0.0,0.0,1.0,1.0,0.0,0.0,0.0,0.0
2012,Jessica Chastain,Zero Dark Thirty,0.0,0.0,0.0,1.0,0.0,0.0,0.0,0.0
2012,Jennifer Lawrence,Silver Linings Playbook,0.0,0.0,0.0,1.0,1.0,1.0,0.0,0.0
2013,Cate Blanchett,Blue Jasmine,0.0,0.0,1.0,1.0,1.0,1.0,0.0,0.0
2013,Amy Adams,American Hustle,0.0,0.0,0.0,1.0,0.0,0.0,0.0,0.0
2013,Sandra Bullock,Gravity,0.0,0.0,0.0,1.0,0.0,0.0,0.0,0.0
2013,Judi Dench,Philomena,0.0,0.0,0.0,1.0,0.0,0.0,0.0,0.0
2014,Julianne Moore,Still Alice,0.0,0.0,1.0,1.0,1.0,1.0,0.0,0.0
2014,Amy Adams,Big Eyes,0.0,0.0,0.0,1.0,0.0,0.0,0.0,0.0
2014,Felicity Jones,The Theory of Everything,0.0,0.0,0.0,1.0,0.0,0.0,0.0,0.0
2014,Rosamund Pike,Gone Girl,0.0,0.0,0.0,1.0,0.0,0.0,0.0,0.0
2014,Reese Witherspoon,Wild,0.0,0.0,0.0,1.0,0.0,0.0,0.0,0.0
2015,Brie Larson,Room,0.0,0.0,1.0,1.0,1.0,1.0,0.0,0.0
2015,Cate Blanchett,Carol,0.0,0.0,0.0,1.0,0.0,1.0,0.0,0.0
2015,Saoirse Ronan,Brooklyn,0.0,0.0,0.0,1.0,0.0,0.0,0.0,0.0
2015,Maggie Smith,The Lady in the Van,0.0,0.0,0.0,1.0,0.0,0.0,0.0,0.0
2015,Alicia Vikander,The Danish Girl,0.0,0.0,0.0,1.0,0.0,0.0,0.0,0.0
2016,Emma Stone,La La Land,0.0,0.0,1.0,1.0,0.0,0.0,0.0,0.0
2016,Emily Blunt,The Girl on the Train,0.0,0.0,0.0,1.0,0.0,0.0,0.0,0.0
2016,Natalie Portman,Jackie,0.0,0.0,0.0,1.0,0.0,1.0,0.0,0.0
2016,Meryl Streep,Florence Foster Jenkins,0.0,0.0,0.0,1.0,0.0,0.0,0.0,0.0
1990,Anjelica Huston,The Grifters,0.0,0.0,0.0,0.0,1.0,1.0,0.0,0.0
1990,Mary Alice,To Sleep with Anger,0.0,0.0,0.0,0.0,0.0,1.0,0.0,0.0
1990,Eszter Balint,Bail Jumper,0.0,0.0,0.0,0.0,0.0,1.0,0.0,0.0
1990,Carolyn Farina,Metropolitan,0.0,0.0,0.0,0.0,0.0,1.0,0.0,0.0
1990,Joanne Woodward,Mr. & Mrs. Bridge,0.0,0.0,0.0,0.0,0.0,1.0,0.0,0.0
1991,Judy Davis,Impromptu,0.0,0.0,0.0,0.0,1.0,1.0,0.0,0.0
1991,Patsy Kensit,Twenty-One,0.0,0.0,0.0,0.0,0.0,1.0,0.0,0.0
1991,Mimi Rogers,The Rapture,0.0,0.0,0.0,0.0,0.0,1.0,0.0,0.0
1991,Lili Taylor,Bright Angel,0.0,0.0,0.0,0.0,0.0,1.0,0.0,0.0
1991,Lily Tomlin,The Search for Signs of Intelligent Life in the Universe,0.0,0.0,0.0,0.0,0.0,1.0,0.0,0.0
1992,Fairuza Balk,Gas Food Lodging,0.0,0.0,0.0,0.0,1.0,1.0,0.0,0.0
1992,Edie Falco,Laws of Gravity,0.0,0.0,0.0,0.0,0.0,1.0,0.0,0.0
1992,Catherine Keener,Johnny Suede,0.0,0.0,0.0,0.0,0.0,1.0,0.0,0.0
1992,Sheryl Lee,Twin Peaks: Fire Walk with Me,0.0,0.0,0.0,0.0,0.0,1.0,0.0,0.0
1992,Cynda Williams,One False Move,0.0,0.0,0.0,0.0,0.0,1.0,0.0,0.0
1993,Ashley Judd,Ruby in Paradise,0.0,0.0,0.0,0.0,1.0,1.0,0.0,0.0
1993,Suzy Amis,The Ballad of Little Jo,0.0,0.0,0.0,0.0,0.0,1.0,0.0,0.0
1993,May Chin,The Wedding Banquet,0.0,0.0,0.0,0.0,0.0,1.0,0.0,0.0
1993,Ariyan A. Johnson,Just Another Girl on the I.R.T.,0.0,0.0,0.0,0.0,0.0,1.0,0.0,0.0
1993,Emma Thompson,Much Ado About Nothing,0.0,0.0,0.0,0.0,0.0,1.0,0.0,0.0
1994,Karen Sillas,What Happened Was...,0.0,0.0,0.0,0.0,0.0,1.0,0.0,0.0
1994,Lauren Vélez,I Like It Like That,0.0,0.0,0.0,0.0,0.0,1.0,0.0,0.0
1994,Chien-Lien Wu,Eat Drink Man Woman,0.0,0.0,0.0,0.0,0.0,1.0,0.0,0.0
1995,Jennifer Jason Leigh,Georgia,0.0,0.0,0.0,0.0,0.0,1.0,0.0,0.0
1995,Elina Löwensohn,Nadja,0.0,0.0,0.0,0.0,0.0,1.0,0.0,0.0
1995,Julianne Moore,Safe,0.0,0.0,0.0,0.0,0.0,1.0,0.0,0.0
1995,Lili Taylor,The Addiction,0.0,0.0,0.0,0.0,0.0,1.0,0.0,0.0
1996,María Conchita Alonso,Caught,0.0,0.0,0.0,0.0,0.0,1.0,0.0,0.0
1996,Scarlett Johansson,Manny & Lo,0.0,0.0,0.0,0.0,0.0,1.0,0.0,0.0
1996,Catherine Keener,Walking and Talking,0.0,0.0,0.0,0.0,0.0,1.0,0.0,0.0
1996,Renée Zellweger,The Whole Wide World,0.0,0.0,0.0,0.0,0.0,1.0,0.0,0.0
1997,Julie Christie,Afterglow,0.0,0.0,0.0,0.0,1.0,1.0,0.0,0.0
1997,Stacy Edwards,In the Company of Men,0.0,0.0,0.0,0.0,0.0,1.0,0.0,0.0
1997,Alison Folland,All Over Me,0.0,0.0,0.0,0.0,0.0,1.0,0.0,0.0
1997,Lisa Harrow,Sunday,0.0,0.0,0.0,0.0,0.0,1.0,0.0,0.0
1997,Robin Wright,Loved,0.0,0.0,0.0,0.0,0.0,1.0,0.0,0.0
1998,Ally Sheedy,High Art,0.0,0.0,0.0,0.0,1.0,1.0,0.0,0.0
1998,Katrin Cartlidge,Claire Dolan,0.0,0.0,0.0,0.0,0.0,1.0,0.0,0.0
1998,Christina Ricci,The Opposite of Sex,0.0,0.0,0.0,0.0,0.0,1.0,0.0,0.0
1998,Robin Tunney,"Niagara, Niagara",0.0,0.0,0.0,0.0,0.0,1.0,0.0,0.0
1998,Alfre Woodard,Down in the Delta,0.0,0.0,0.0,0.0,0.0,1.0,0.0,0.0
1999,Hilary Swank,Boys Don't Cry,0.0,0.0,0.0,0.0,1.0,1.0,0.0,0.0
1999,Diane Lane,A Walk on the Moon,0.0,0.0,0.0,0.0,0.0,1.0,0.0,0.0
1999,Janet McTeer,Tumbleweeds,0.0,0.0,0.0,0.0,0.0,1.0,0.0,0.0
1999,Susan Traylor,Valerie Flake,0.0,0.0,0.0,0.0,0.0,1.0,0.0,0.0
1999,Reese Witherspoon,Election,0.0,0.0,0.0,0.0,0.0,1.0,0.0,0.0
2000,Ellen Burstyn,Requiem for a Dream,0.0,0.0,0.0,0.0,1.0,1.0,0.0,0.0
2000,Joan Allen,The Contender,0.0,0.0,0.0,0.0,0.0,1.0,0.0,0.0
2000,Sanaa Lathan,Love & Basketball,0.0,0.0,0.0,0.0,0.0,1.0,0.0,0.0
2000,Laura Linney,You Can Count on Me,0.0,0.0,0.0,0.0,0.0,1.0,0.0,0.0
2000,Kelly Macdonald,Two Family House,0.0,0.0,0.0,0.0,0.0,1.0,0.0,0.0
2001,Kim Dickens,Things Behind the Sun,0.0,0.0,0.0,0.0,0.0,1.0,0.0,0.0
2001,Molly Parker,The Center of the World,0.0,0.0,0.0,0.0,0.0,1.0,0.0,0.0
2001,Kerry Washington,Lift,0.0,0.0,0.0,0.0,0.0,1.0,0.0,0.0
2002,Julianne Moore,Far from Heaven,0.0,0.0,0.0,0.0,1.0,1.0,0.0,0.0
2002,Jennifer Aniston,The Good Girl,0.0,0.0,0.0,0.0,0.0,1.0,0.0,0.0
2002,Maggie Gyllenhaal,Secretary,0.0,0.0,0.0,0.0,0.0,1.0,0.0,0.0
2002,Catherine Keener,Lovely & Amazing,0.0,0.0,0.0,0.0,0.0,1.0,0.0,0.0
2002,Parker Posey,Personal Velocity,0.0,0.0,0.0,0.0,0.0,1.0,0.0,0.0
2003,Charlize Theron,Monster,0.0,0.0,0.0,0.0,1.0,1.0,0.0,0.0
2003,Agnes Bruckner,Blue Car,0.0,0.0,0.0,0.0,0.0,1.0,0.0,0.0
2003,Zooey Deschanel,All the Real Girls,0.0,0.0,0.0,0.0,0.0,1.0,0.0,0.0
2003,Samantha Morton,In America,0.0,0.0,0.0,0.0,0.0,1.0,0.0,0.0
2003,Elisabeth Moss,Virgin,0.0,0.0,0.0,0.0,0.0,1.0,0.0,0.0
2004,Catalina Sandino Moreno,Maria Full of Grace,0.0,0.0,0.0,0.0,1.0,1.0,0.0,0.0
2004,Kimberly Elise,Woman Thou Art Loosed,0.0,0.0,0.0,0.0,0.0,1.0,0.0,0.0
2004,Vera Farmiga,Down to the Bone,0.0,0.0,0.0,0.0,0.0,1.0,0.0,0.0
2004,Judy Marte,On the Outs,0.0,0.0,0.0,0.0,0.0,1.0,0.0,0.0
2004,Kyra Sedgwick,Cavedweller,0.0,0.0,0.0,0.0,0.0,1.0,0.0,0.0
2005,Felicity Huffman,Transamerica,0.0,0.0,0.0,0.0,1.0,1.0,0.0,0.0
2005,Dina Korzun,Forty Shades of Blue,0.0,0.0,0.0,0.0,0.0,1.0,0.0,0.0
2005,Laura Linney,The Squid and the Whale,0.0,0.0,0.0,0.0,0.0,1.0,0.0,0.0
2005,S. Epatha Merkerson,Lackawanna Blues,0.0,0.0,0.0,0.0,0.0,1.0,0.0,0.0
2005,Cyndi Williams,Room,0.0,0.0,0.0,0.0,0.0,1.0,0.0,0.0
2006,Shareeka Epps,Half Nelson,0.0,0.0,0.0,0.0,1.0,1.0,0.0,0.0
2006,Catherine O'Hara,For Your Consideration,0.0,0.0,0.0,0.0,0.0,1.0,0.0,0.0
2006,Elizabeth Reaser,Sweet Land,0.0,0.0,0.0,0.0,0.0,1.0,0.0,0.0
2006,Michelle Williams,Land of Plenty,0.0,0.0,0.0,0.0,0.0,1.0,0.0,0.0
2006,Robin Wright,"Sorry, Haters",0.0,0.0,0.0,0.0,0.0,1.0,0.0,0.0
2007,Sienna Miller,Interview,0.0,0.0,0.0,0.0,0.0,1.0,0.0,0.0
2007,Parker Posey,Broken English,0.0,0.0,0.0,0.0,0.0,1.0,0.0,0.0
2007,Tang Wei,"Lust, Caution",0.0,0.0,0.0,0.0,0.0,1.0,0.0,0.0
2008,Melissa Leo,Frozen River,0.0,0.0,0.0,0.0,1.0,1.0,0.0,0.0
2008,Summer Bishil,Towelhead,0.0,0.0,0.0,0.0,0.0,1.0,0.0,0.0
2008,Anne Hathaway,Rachel Getting Married,0.0,0.0,0.0,0.0,0.0,1.0,0.0,0.0
2008,Tarra Riggs,Ballast,0.0,0.0,0.0,0.0,0.0,1.0,0.0,0.0
2008,Michelle Williams,Wendy and Lucy,0.0,0.0,0.0,0.0,0.0,1.0,0.0,0.0
2009,Maria Bello,Downloading Nancy,0.0,0.0,0.0,0.0,0.0,1.0,0.0,0.0
2009,Nisreen Faour,Amreeka,0.0,0.0,0.0,0.0,0.0,1.0,0.0,0.0
2009,Helen Mirren,The Last Station,0.0,0.0,0.0,0.0,0.0,1.0,0.0,0.0
2009,Gwyneth Paltrow,Two Lovers,0.0,0.0,0.0,0.0,0.0,1.0,0.0,0.0
2010,Annette Bening,The Kids Are All Right,0.0,0.0,0.0,0.0,0.0,1.0,0.0,0.0
2010,Greta Gerwig,Greenberg,0.0,0.0,0.0,0.0,0.0,1.0,0.0,0.0
2010,Nicole Kidman,Rabbit Hole,0.0,0.0,0.0,0.0,0.0,1.0,0.0,0.0
2010,Jennifer Lawrence,Winter's Bone,0.0,0.0,0.0,0.0,0.0,1.0,0.0,0.0
2010,Michelle Williams,Blue Valentine,0.0,0.0,0.0,0.0,0.0,1.0,0.0,0.0
2011,Lauren Ambrose,About Sunny,0.0,0.0,0.0,0.0,0.0,1.0,0.0,0.0
2011,Rachael Harris,Natural Selection,0.0,0.0,0.0,0.0,0.0,1.0,0.0,0.0
2011,Adepero Oduye,Pariah,0.0,0.0,0.0,0.0,0.0,1.0,0.0,0.0
2011,Elizabeth Olsen,Martha Marcy May Marlene,0.0,0.0,0.0,0.0,0.0,1.0,0.0,0.0
2012,Linda Cardellini,Return,0.0,0.0,0.0,0.0,0.0,1.0,0.0,0.0
2012,Emayatzy Corinealdi,Middle of Nowhere,0.0,0.0,0.0,0.0,0.0,1.0,0.0,0.0
2012,Quvenzhané Wallis,Beasts of the Southern Wild,0.0,0.0,0.0,0.0,0.0,1.0,0.0,0.0
2012,Mary Elizabeth Winstead,Smashed,0.0,0.0,0.0,0.0,0.0,1.0,0.0,0.0
2013,Julie Delpy,Before Midnight,0.0,0.0,0.0,0.0,0.0,1.0,0.0,0.0
2013,Gaby Hoffmann,Crystal Fairy,0.0,0.0,0.0,0.0,0.0,1.0,0.0,0.0
2013,Brie Larson,Short Term 12,0.0,0.0,0.0,0.0,0.0,1.0,0.0,0.0
2013,Shailene Woodley,The Spectacular Now,0.0,0.0,0.0,0.0,0.0,1.0,0.0,0.0
2014,Marion Cotillard,The Immigrant,0.0,0.0,0.0,0.0,0.0,1.0,0.0,0.0
2014,Rinko Kikuchi,Kumiko: The Treasure Hunter,0.0,0.0,0.0,0.0,0.0,1.0,0.0,0.0
2014,Jenny Slate,Obvious Child,0.0,0.0,0.0,0.0,0.0,1.0,0.0,0.0
2014,Tilda Swinton,Only Lovers Left Alive,0.0,0.0,0.0,0.0,0.0,1.0,0.0,0.0
2015,Rooney Mara,Carol,0.0,0.0,0.0,0.0,0.0,1.0,0.0,0.0
2015,Bel Powley,The Diary of a Teenage Girl,0.0,0.0,0.0,0.0,0.0,1.0,0.0,0.0
2015,Kitana Kiki Rodriguez,Tangerine,0.0,0.0,0.0,0.0,0.0,1.0,0.0,0.0
2016,Isabelle Huppert,Elle,0.0,0.0,0.0,0.0,1.0,1.0,0.0,0.0
2016,Annette Bening,20th Century Women,0.0,0.0,0.0,0.0,0.0,1.0,0.0,0.0
2016,Sasha Lane,American Honey,0.0,0.0,0.0,0.0,0.0,1.0,0.0,0.0
2016,Ruth Negga,Loving,0.0,0.0,0.0,0.0,0.0,1.0,0.0,0.0
1985,Geraldine Page,The Trip to Bountiful,0.0,0.0,0.0,0.0,1.0,1.0,0.0,0.0
1985,Rosanna Arquette,After Hours,0.0,0.0,0.0,0.0,0.0,1.0,0.0,0.0
1985,Laura Dern,Smooth Talk,0.0,0.0,0.0,0.0,0.0,1.0,0.0,0.0
1985,Lori Singer,Trouble in Mind,0.0,0.0,0.0,0.0,0.0,1.0,0.0,0.0
1986,Isabella Rossellini,Blue Velvet,0.0,0.0,0.0,0.0,1.0,1.0,0.0,0.0
1986,Elpidia Carrillo,Salvador,0.0,0.0,0.0,0.0,0.0,1.0,0.0,0.0
1986,Patricia Charbonneau,Desert Hearts,0.0,0.0,0.0,0.0,0.0,1.0,0.0,0.0
1986,Laura Dern,Blue Velvet,0.0,0.0,0.0,0.0,0.0,1.0,0.0,0.0
1986,Tracy Camilla Johns,She's Gotta Have It,0.0,0.0,0.0,0.0,0.0,1.0,0.0,0.0
1987,Sally Kirkland,Anna,0.0,0.0,0.0,0.0,1.0,1.0,0.0,0.0
1987,Lillian Gish,The Whales of August,0.0,0.0,0.0,0.0,0.0,1.0,0.0,0.0
1987,Debra Sandlund,Tough Guys Don't Dance,0.0,0.0,0.0,0.0,0.0,1.0,0.0,0.0
1987,Louise Smith,Working Girls,0.0,0.0,0.0,0.0,0.0,1.0,0.0,0.0
1987,Joanne Woodward,The Glass Menagerie,0.0,0.0,0.0,0.0,0.0,1.0,0.0,0.0
1988,Jodie Foster,Five Corners,0.0,0.0,0.0,0.0,1.0,1.0,0.0,0.0
1988,Ricki Lake,Hairspray,0.0,0.0,0.0,0.0,0.0,1.0,0.0,0.0
1988,Nobu McCarthy,The Wash,0.0,0.0,0.0,0.0,0.0,1.0,0.0,0.0
1988,Julia Roberts,Mystic Pizza,0.0,0.0,0.0,0.0,0.0,1.0,0.0,0.0
1988,Meg Ryan,Promised Land,0.0,0.0,0.0,0.0,0.0,1.0,0.0,0.0
1989,Youki Kudoh,Mystery Train,0.0,0.0,0.0,0.0,0.0,1.0,0.0,0.0
1989,Kelly Lynch,Drugstore Cowboy,0.0,0.0,0.0,0.0,0.0,1.0,0.0,0.0
1989,Winona Ryder,Heathers,0.0,0.0,0.0,0.0,0.0,1.0,0.0,0.0
1989,Annabella Sciorra,True Love,0.0,0.0,0.0,0.0,0.0,1.0,0.0,0.0
2000 (7th),Julia Roberts ,Erin Brockovich,0.0,0.0,0.0,0.0,0.0,0.0,1.0,1.0
2000 (7th),Joan Allen ,The Contender,0.0,0.0,0.0,0.0,0.0,0.0,0.0,1.0
2000 (7th),Juliette Binoche ,Chocolat,0.0,0.0,0.0,0.0,0.0,0.0,0.0,1.0
2000 (7th),Ellen Burstyn ,Requiem for a Dream,0.0,0.0,0.0,0.0,0.0,0.0,0.0,1.0
2000 (7th),Laura Linney ,You Can Count on Me,0.0,0.0,0.0,0.0,0.0,0.0,0.0,1.0
2001 (8th),Halle Berry ,Monster's Ball,0.0,0.0,0.0,0.0,0.0,0.0,1.0,1.0
2001 (8th),Jennifer Connelly ,A Beautiful Mind,0.0,0.0,0.0,0.0,0.0,0.0,0.0,1.0
2001 (8th),Judi Dench ,Iris,0.0,0.0,0.0,0.0,0.0,0.0,0.0,1.0
2001 (8th),Sissy Spacek ,In the Bedroom,0.0,0.0,0.0,0.0,0.0,0.0,0.0,1.0
2001 (8th),Renée Zellweger ,Bridget Jones's Diary,0.0,0.0,0.0,0.0,0.0,0.0,0.0,1.0
2002 (9th),Renée Zellweger ,Chicago,0.0,0.0,0.0,0.0,0.0,0.0,1.0,1.0
2002 (9th),Salma Hayek ,Frida,0.0,0.0,0.0,0.0,0.0,0.0,0.0,1.0
2002 (9th),Nicole Kidman ,The Hours,0.0,0.0,0.0,0.0,0.0,0.0,0.0,1.0
2002 (9th),Diane Lane ,Unfaithful,0.0,0.0,0.0,0.0,0.0,0.0,0.0,1.0
2002 (9th),Julianne Moore ,Far from Heaven,0.0,0.0,0.0,0.0,0.0,0.0,0.0,1.0
2003 (10th),Charlize Theron ,Monster,0.0,0.0,0.0,0.0,0.0,0.0,1.0,1.0
2003 (10th),Patricia Clarkson,The Station Agent,0.0,0.0,0.0,0.0,0.0,0.0,0.0,1.0
2003 (10th),Diane Keaton ,Something's Gotta Give,0.0,0.0,0.0,0.0,0.0,0.0,0.0,1.0
2003 (10th),Naomi Watts ,21 Grams,0.0,0.0,0.0,0.0,0.0,0.0,0.0,1.0
2003 (10th),Evan Rachel Wood,Thirteen,0.0,0.0,0.0,0.0,0.0,0.0,0.0,1.0
2004 (11th),Hilary Swank ,Million Dollar Baby,0.0,0.0,0.0,0.0,0.0,0.0,1.0,1.0
2004 (11th),Annette Bening ,Being Julia,0.0,0.0,0.0,0.0,0.0,0.0,0.0,1.0
2004 (11th),Catalina Sandino Moreno ,Maria Full of Grace,0.0,0.0,0.0,0.0,0.0,0.0,0.0,1.0
2004 (11th),Imelda Staunton ,Vera Drake,0.0,0.0,0.0,0.0,0.0,0.0,0.0,1.0
2004 (11th),Kate Winslet ,Eternal Sunshine of the Spotless Mind,0.0,0.0,0.0,0.0,0.0,0.0,0.0,1.0
2005 (12th),Reese Witherspoon ,Walk the Line,0.0,0.0,0.0,0.0,0.0,0.0,1.0,1.0
2005 (12th),Judi Dench ,Mrs Henderson Presents,0.0,0.0,0.0,0.0,0.0,0.0,0.0,1.0
2005 (12th),Felicity Huffman ,Transamerica,0.0,0.0,0.0,0.0,0.0,0.0,0.0,1.0
2005 (12th),Charlize Theron ,North Country,0.0,0.0,0.0,0.0,0.0,0.0,0.0,1.0
2005 (12th),Ziyi Zhang,Memoirs of a Geisha,0.0,0.0,0.0,0.0,0.0,0.0,0.0,1.0
2006 (13th),Helen Mirren ,The Queen,0.0,0.0,0.0,0.0,0.0,0.0,1.0,1.0
2006 (13th),Penélope Cruz ,Volver,0.0,0.0,0.0,0.0,0.0,0.0,0.0,1.0
2006 (13th),Judi Dench ,Notes on a Scandal,0.0,0.0,0.0,0.0,0.0,0.0,0.0,1.0
2006 (13th),Meryl Streep ,The Devil Wears Prada,0.0,0.0,0.0,0.0,0.0,0.0,0.0,1.0
2006 (13th),Kate Winslet ,Little Children,0.0,0.0,0.0,0.0,0.0,0.0,0.0,1.0
2007 (14th),Julie Christie ,Away from Her,0.0,0.0,0.0,0.0,0.0,0.0,1.0,1.0
2007 (14th),Cate Blanchett ,Elizabeth: The Golden Age,0.0,0.0,0.0,0.0,0.0,0.0,0.0,1.0
2007 (14th),Marion Cotillard ,La Vie en Rose (La môme),0.0,0.0,0.0,0.0,0.0,0.0,0.0,1.0
2007 (14th),Angelina Jolie,A Mighty Heart,0.0,0.0,0.0,0.0,0.0,0.0,0.0,1.0
2007 (14th),Ellen Page ,Juno,0.0,0.0,0.0,0.0,0.0,0.0,0.0,1.0
2008 (15th),Meryl Streep ,Doubt,0.0,0.0,0.0,0.0,0.0,0.0,1.0,1.0
2008 (15th),Anne Hathaway ,Rachel Getting Married,0.0,0.0,0.0,0.0,0.0,0.0,0.0,1.0
2008 (15th),Angelina Jolie ,Changeling,0.0,0.0,0.0,0.0,0.0,0.0,0.0,1.0
2008 (15th),Melissa Leo ,Frozen River,0.0,0.0,0.0,0.0,0.0,0.0,0.0,1.0
2008 (15th),Kate Winslet,Revolutionary Road,0.0,0.0,0.0,0.0,0.0,0.0,0.0,1.0
2009 (16th),Sandra Bullock ,The Blind Side,0.0,0.0,0.0,0.0,0.0,0.0,1.0,1.0
2009 (16th),Helen Mirren ,The Last Station,0.0,0.0,0.0,0.0,0.0,0.0,0.0,1.0
2009 (16th),Carey Mulligan ,An Education,0.0,0.0,0.0,0.0,0.0,0.0,0.0,1.0
2009 (16th),Gabourey Sidibe ,Precious,0.0,0.0,0.0,0.0,0.0,0.0,0.0,1.0
2009 (16th),Meryl Streep ,Julie & Julia,0.0,0.0,0.0,0.0,0.0,0.0,0.0,1.0
2010 (17th),Natalie Portman ,Black Swan,0.0,0.0,0.0,0.0,0.0,0.0,1.0,1.0
2010 (17th),Annette Bening ,The Kids Are All Right,0.0,0.0,0.0,0.0,0.0,0.0,0.0,1.0
2010 (17th),Nicole Kidman ,Rabbit Hole,0.0,0.0,0.0,0.0,0.0,0.0,0.0,1.0
2010 (17th),Jennifer Lawrence ,Winter's Bone,0.0,0.0,0.0,0.0,0.0,0.0,0.0,1.0
2010 (17th),Hilary Swank,Conviction,0.0,0.0,0.0,0.0,0.0,0.0,0.0,1.0
2011 (18th),Viola Davis ,The Help,0.0,0.0,0.0,0.0,0.0,0.0,1.0,1.0
2011 (18th),Glenn Close ,Albert Nobbs,0.0,0.0,0.0,0.0,0.0,0.0,0.0,1.0
2011 (18th),Meryl Streep ,The Iron Lady,0.0,0.0,0.0,0.0,0.0,0.0,0.0,1.0
2011 (18th),Tilda Swinton,We Need to Talk About Kevin,0.0,0.0,0.0,0.0,0.0,0.0,0.0,1.0
2011 (18th),Michelle Williams ,My Week with Marilyn,0.0,0.0,0.0,0.0,0.0,0.0,0.0,1.0
2012 (19th),Jennifer Lawrence ,Silver Linings Playbook,0.0,0.0,0.0,0.0,0.0,0.0,1.0,1.0
2012 (19th),Jessica Chastain ,Zero Dark Thirty,0.0,0.0,0.0,0.0,0.0,0.0,0.0,1.0
2012 (19th),Marion Cotillard,Rust and Bone (De rouille et d'os),0.0,0.0,0.0,0.0,0.0,0.0,0.0,1.0
2012 (19th),Helen Mirren,Hitchcock,0.0,0.0,0.0,0.0,0.0,0.0,0.0,1.0
2012 (19th),Naomi Watts ,The Impossible,0.0,0.0,0.0,0.0,0.0,0.0,0.0,1.0
2013 (20th),Cate Blanchett ,Blue Jasmine,0.0,0.0,0.0,0.0,0.0,0.0,1.0,1.0
2013 (20th),Sandra Bullock ,Gravity,0.0,0.0,0.0,0.0,0.0,0.0,0.0,1.0
2013 (20th),Judi Dench ,Philomena,0.0,0.0,0.0,0.0,0.0,0.0,0.0,1.0
2013 (20th),Meryl Streep ,August: Osage County,0.0,0.0,0.0,0.0,0.0,0.0,0.0,1.0
2013 (20th),Emma Thompson,Saving Mr. Banks,0.0,0.0,0.0,0.0,0.0,0.0,0.0,1.0
2014 (21st),Julianne Moore ,Still Alice,0.0,0.0,0.0,0.0,0.0,0.0,1.0,1.0
2014 (21st),Jennifer Aniston,Cake,0.0,0.0,0.0,0.0,0.0,0.0,0.0,1.0
2014 (21st),Felicity Jones ,The Theory of Everything,0.0,0.0,0.0,0.0,0.0,0.0,0.0,1.0
2014 (21st),Rosamund Pike ,Gone Girl,0.0,0.0,0.0,0.0,0.0,0.0,0.0,1.0
2014 (21st),Reese Witherspoon ,Wild,0.0,0.0,0.0,0.0,0.0,0.0,0.0,1.0
2015 (22nd),Brie Larson ,Room,0.0,0.0,0.0,0.0,0.0,0.0,1.0,1.0
2015 (22nd),Cate Blanchett ,Carol,0.0,0.0,0.0,0.0,0.0,0.0,0.0,1.0
2015 (22nd),Helen Mirren,Woman in Gold,0.0,0.0,0.0,0.0,0.0,0.0,0.0,1.0
2015 (22nd),Saoirse Ronan ,Brooklyn,0.0,0.0,0.0,0.0,0.0,0.0,0.0,1.0
2015 (22nd),Sarah Silverman,I Smile Back,0.0,0.0,0.0,0.0,0.0,0.0,0.0,1.0
2016 (23rd),Emma Stone ,La La Land,0.0,0.0,0.0,0.0,0.0,0.0,1.0,1.0
2016 (23rd),Amy Adams,Arrival,0.0,0.0,0.0,0.0,0.0,0.0,0.0,1.0
2016 (23rd),Emily Blunt,The Girl on the Train,0.0,0.0,0.0,0.0,0.0,0.0,0.0,1.0
2016 (23rd),Natalie Portman ,Jackie,0.0,0.0,0.0,0.0,0.0,0.0,0.0,1.0
2016 (23rd),Meryl Streep ,Florence Foster Jenkins,0.0,0.0,0.0,0.0,0.0,0.0,0.0,1.0
1994 (1st),Jodie Foster ,Nell,0.0,0.0,0.0,0.0,0.0,0.0,1.0,1.0
1994 (1st),Jessica Lange ,Blue Sky,0.0,0.0,0.0,0.0,0.0,0.0,0.0,1.0
1994 (1st),Meg Ryan,When a Man Loves a Woman,0.0,0.0,0.0,0.0,0.0,0.0,0.0,1.0
1994 (1st),Susan Sarandon ,The Client,0.0,0.0,0.0,0.0,0.0,0.0,0.0,1.0
1994 (1st),Meryl Streep,The River Wild,0.0,0.0,0.0,0.0,0.0,0.0,0.0,1.0
1995 (2nd),Susan Sarandon ,Dead Man Walking,0.0,0.0,0.0,0.0,0.0,0.0,1.0,1.0
1995 (2nd),Joan Allen ,Nixon,0.0,0.0,0.0,0.0,0.0,0.0,0.0,1.0
1995 (2nd),Elisabeth Shue ,Leaving Las Vegas,0.0,0.0,0.0,0.0,0.0,0.0,0.0,1.0
1995 (2nd),Meryl Streep ,The Bridges of Madison County,0.0,0.0,0.0,0.0,0.0,0.0,0.0,1.0
1995 (2nd),Emma Thompson ,Sense and Sensibility,0.0,0.0,0.0,0.0,0.0,0.0,0.0,1.0
1996 (3rd),Frances McDormand ,Fargo,0.0,0.0,0.0,0.0,0.0,0.0,1.0,1.0
1996 (3rd),Brenda Blethyn ,Secrets & Lies,0.0,0.0,0.0,0.0,0.0,0.0,0.0,1.0
1996 (3rd),Diane Keaton ,Marvin's Room,0.0,0.0,0.0,0.0,0.0,0.0,0.0,1.0
1996 (3rd),Gena Rowlands,Unhook the Stars,0.0,0.0,0.0,0.0,0.0,0.0,0.0,1.0
1996 (3rd),Kristin Scott Thomas ,The English Patient,0.0,0.0,0.0,0.0,0.0,0.0,0.0,1.0
1997 (4th),Helen Hunt ,As Good as It Gets,0.0,0.0,0.0,0.0,0.0,0.0,1.0,1.0
1997 (4th),Helena Bonham Carter ,The Wings of the Dove,0.0,0.0,0.0,0.0,0.0,0.0,0.0,1.0
1997 (4th),Judi Dench ,Mrs Brown,0.0,0.0,0.0,0.0,0.0,0.0,0.0,1.0
1997 (4th),Pam Grier,Jackie Brown,0.0,0.0,0.0,0.0,0.0,0.0,0.0,1.0
1997 (4th),Kate Winslet ,Titanic,0.0,0.0,0.0,0.0,0.0,0.0,0.0,1.0
1997 (4th),Robin Wright Penn,She's So Lovely,0.0,0.0,0.0,0.0,0.0,0.0,0.0,1.0
1998 (5th),Gwyneth Paltrow ,Shakespeare in Love,0.0,0.0,0.0,0.0,0.0,0.0,1.0,1.0
1998 (5th),Cate Blanchett ,Elizabeth,0.0,0.0,0.0,0.0,0.0,0.0,0.0,1.0
1998 (5th),Jane Horrocks,Little Voice,0.0,0.0,0.0,0.0,0.0,0.0,0.0,1.0
1998 (5th),Meryl Streep ,One True Thing,0.0,0.0,0.0,0.0,0.0,0.0,0.0,1.0
1998 (5th),Emily Watson ,Hilary and Jackie,0.0,0.0,0.0,0.0,0.0,0.0,0.0,1.0
1999 (6th),Annette Bening ,American Beauty,0.0,0.0,0.0,0.0,0.0,0.0,1.0,1.0
1999 (6th),Janet McTeer ,Tumbleweeds,0.0,0.0,0.0,0.0,0.0,0.0,0.0,1.0
1999 (6th),Julianne Moore ,The End of the Affair,0.0,0.0,0.0,0.0,0.0,0.0,0.0,1.0
1999 (6th),Meryl Streep ,Music of the Heart,0.0,0.0,0.0,0.0,0.0,0.0,0.0,1.0
1999 (6th),Hilary Swank ,Boys Don't Cry,0.0,0.0,0.0,0.0,0.0,0.0,0.0,1.0
